グループ,区分,医師数,Q1平均の変化,Q1平均の変化 95%区間,Q4の変化,Q4の変化 95%区間,Q3_2(処方患者数)の変化,Q3_2(処方患者数)の変化 95%区間,Q3_1(患者数)の変化,Q3_1(患者数)の変化 95%区間,処方割合の変化(pt),処方割合の変化 95%区間(pt),2025年→2026年 処方割合,Q3_2の純増÷2025年潜在未処方,2026年の潜在未処方(平均),2025年の潜在未処方(平均),備考
A 低理解×低意向,面談なし・MR君既読なし,163,0.034355828220858906,"[-0.01, 0.08]",0.22085889570552147,"[0.11, 0.34]",0.11042944785276074,"[-0.08, 0.30]",-2.263803680981595,"[-2.95, -1.58]",2.636633490483673,"[0.8, 4.4]",0.058→0.084,0.010256410256410256,8.392638036809815,10.766871165644172,
A 低理解×低意向,面談なし・MR君既読あり,85,0.2823529411764706,"[0.21, 0.36]",0.6588235294117647,"[0.45, 0.87]",0.6,"[0.22, 0.98]",-2.5294117647058822,"[-3.66, -1.39]",8.427520936882958,"[4.9, 11.8]",0.066→0.150,0.0552546045503792,7.729411764705882,10.858823529411765,
A 低理解×低意向,面談あり・MR君既読なし,62,1.0870967741935484,"[0.91, 1.26]",1.6451612903225807,"[1.32, 1.97]",2.9193548387096775,"[2.19, 3.65]",-1.9516129032258065,"[-3.05, -0.86]",32.10763293310463,"[26.7, 37.9]",0.051→0.372,0.27095808383233533,5.903225806451613,10.774193548387096,
A 低理解×低意向,面談あり・MR君既読あり,36,1.261111111111111,"[1.03, 1.49]",1.9722222222222223,"[1.62, 2.33]",2.9166666666666665,"[2.15, 3.68]",-1.25,"[-2.65, 0.15]",30.0,"[24.1, 36.2]",0.067→0.367,0.2777777777777778,6.333333333333333,10.5,
B 中理解×中意向,面談なし・MR君既読なし,46,0.03478260869565214,"[-0.09, 0.16]",0.2391304347826087,"[-0.05, 0.53]",0.4782608695652174,"[-0.20, 1.16]",-1.608695652173913,"[-2.85, -0.36]",7.3851017917160675,"[1.8, 12.9]",0.201→0.275,0.048034934497816595,7.869565217391305,9.956521739130435,
B 中理解×中意向,面談なし・MR君既読あり,31,0.16774193548387095,"[0.00, 0.33]",0.4838709677419355,"[0.21, 0.75]",0.3548387096774194,"[-0.55, 1.26]",-2.7419354838709675,"[-4.34, -1.14]",8.531262810156495,"[3.4, 13.7]",0.239→0.324,0.03197674418604651,8.0,11.096774193548388,
B 中理解×中意向,面談あり・MR君既読なし,26,,,,,,,,,,,,,,,n<30のため変化は省略
B 中理解×中意向,面談あり・MR君既読あり,9,,,,,,,,,,,,,,,n<30のため変化は省略
C 高理解×高意向,面談なし・MR君既読なし,13,,,,,,,,,,,,,,,n<30のため変化は省略
C 高理解×高意向,面談なし・MR君既読あり,9,,,,,,,,,,,,,,,n<30のため変化は省略
C 高理解×高意向,面談あり・MR君既読なし,5,,,,,,,,,,,,,,,n<30のため変化は省略
C 高理解×高意向,面談あり・MR君既読あり,3,,,,,,,,,,,,,,,n<30のため変化は省略
高ポテンシャル全体,面談なし・MR君既読なし,308,0.009090909090909087,"[-0.03, 0.04]",0.05519480519480519,"[-0.05, 0.16]",-0.11688311688311688,"[-0.34, 0.11]",-2.383116883116883,"[-2.89, -1.87]",2.558447356948995,"[0.7, 4.5]",0.155→0.180,-0.011324315822585718,8.055194805194805,10.321428571428571,
高ポテンシャル全体,面談なし・MR君既読あり,174,0.23563218390804597,"[0.18, 0.29]",0.43103448275862066,"[0.29, 0.58]",0.21264367816091953,"[-0.12, 0.55]",-2.9770114942528734,"[-3.67, -2.28]",7.960396672273343,"[5.4, 10.3]",0.194→0.274,0.020441988950276244,7.212643678160919,10.402298850574713,
高ポテンシャル全体,面談あり・MR君既読なし,122,1.0360655737704918,"[0.92, 1.16]",1.4180327868852458,"[1.20, 1.63]",2.778688524590164,"[2.19, 3.37]",-2.0491803278688523,"[-2.91, -1.19]",30.352921931869304,"[26.6, 34.3]",0.143→0.447,0.2665094339622642,5.598360655737705,10.426229508196721,
高ポテンシャル全体,面談あり・MR君既読あり,73,1.1972602739726028,"[1.04, 1.36]",1.5342465753424657,"[1.27, 1.80]",2.5205479452054793,"[1.84, 3.20]",-1.9589041095890412,"[-3.08, -0.83]",27.354091691441084,"[23.3, 31.9]",0.186→0.460,0.24764468371467024,5.698630136986301,10.178082191780822,
