対象,区分,群,医師数,潜在未処方患者数,平均患者数,処方割合,平均Q4,平均潜在未処方(一人当たり),潜在未処方の構成比,平均面談回数,平均既読本数
"全診療科(5,000)",MR君,① MR君配信対象外,1519,7210,6.910467412771561,0.31313708678670094,2.935483870967742,4.746543778801843,0.3143803959187233,0.9203423304805793,0.0
"全診療科(5,000)",MR君,② 配信対象だが既読なし,1696,7861,6.790683962264151,0.31744377876183033,2.9976415094339623,4.63502358490566,0.3427661986570158,1.0035377358490567,0.0
"全診療科(5,000)",MR君,③ 配信対象かつ既読あり,1785,7863,6.834733893557423,0.3554918032786885,3.150140056022409,4.405042016806723,0.3428534054242609,0.8929971988795519,2.243137254901961
"全診療科(5,000)",MR面談回数,0回,3747,18011,6.605551107552709,0.27231222980889663,2.7547371230317585,4.806778756338404,0.7853405424260923,0.0,0.8115825994128636
"全診療科(5,000)",MR面談回数,1回,132,628,7.0606060606060606,0.3261802575107296,3.1666666666666665,4.757575757575758,0.027382924914973402,1.0,0.9772727272727273
"全診療科(5,000)",MR面談回数,2〜3回,489,2053,7.085889570552148,0.4075036075036075,3.470347648261759,4.198364008179959,0.08951774657713439,2.539877300613497,0.7995910020449898
"全診療科(5,000)",MR面談回数,4回以上,632,2242,8.015822784810126,0.5574417686537703,4.318037974683544,3.5474683544303796,0.09775878608179994,5.253164556962025,0.7009493670886076
"全診療科(5,000)",面談×既読,α 面談なし・既読なし,2392,11812,6.612876254180602,0.2532557845492477,2.6739130434782608,4.938127090301004,0.5150431673497864,0.0,0.0
"全診療科(5,000)",面談×既読,β 面談あり・既読なし,823,3259,7.528554070473876,0.474015493867011,3.823815309842041,3.959902794653706,0.14210342722595273,3.766707168894289,0.0
"全診療科(5,000)",面談×既読,γ 面談なし・既読あり,1355,6199,6.592619926199262,0.30605619612672114,2.8974169741697415,4.574907749077491,0.2702973750763059,0.0,2.244280442804428
"全診療科(5,000)",面談×既読,δ 面談あり・既読あり,430,1664,7.597674418604651,0.4906642179369452,3.9465116279069767,3.869767441860465,0.072556030347955,3.7069767441860466,2.23953488372093
内科,MR君,① MR君配信対象外,657,3166,6.642313546423136,0.2745187901008249,2.8645357686453576,4.818873668188736,0.3319354162298176,1.0532724505327244,0.0
内科,MR君,② 配信対象だが既読なし,681,3153,6.3627019089574155,0.2723286406646665,2.973568281938326,4.629955947136564,0.3305724470538897,1.117474302496329,0.0
内科,MR君,③ 配信対象かつ既読あり,734,3219,6.380108991825613,0.3126201153106983,3.114441416893733,4.385558583106267,0.33749213671629275,0.885558583106267,2.249318801089918
内科,MR面談回数,0回,1504,7390,6.40093085106383,0.23236730030123612,2.716755319148936,4.913563829787234,0.7747955546236108,0.0,0.8231382978723404
内科,MR面談回数,1回,66,311,6.53030303030303,0.27842227378190254,2.984848484848485,4.712121212121212,0.03260641643950514,1.0,1.0454545454545454
内科,MR面談回数,2〜3回,226,934,6.349557522123894,0.34912891986062716,3.3008849557522124,4.132743362831858,0.0979240931012791,2.52212389380531,0.7522123893805309
内科,MR面談回数,4回以上,276,903,6.836956521739131,0.5214626391096979,4.217391304347826,3.2717391304347827,0.09467393583560495,5.315217391304348,0.6304347826086957
内科,面談×既読,α 面談なし・既読なし,954,4840,6.416142557651992,0.20927952948864564,2.619496855345912,5.073375262054507,0.5074439085762215,0.0,0.0
内科,面談×既読,β 面談あり・既読なし,384,1479,6.708333333333333,0.42585403726708076,3.6666666666666665,3.8515625,0.15506395470748585,3.7838541666666665,0.0
内科,面談×既読,γ 面談なし・既読あり,550,2550,6.374545454545455,0.2726754135767256,2.8854545454545453,4.636363636363637,0.26735164604738937,0.0,2.250909090909091
内科,面談×既読,δ 面談あり・既読あり,184,669,6.396739130434782,0.4316057774001699,3.7989130434782608,3.635869565217391,0.07014049066890334,3.532608695652174,2.244565217391304
耳鼻咽喉科,MR君,① MR君配信対象外,356,2501,11.702247191011235,0.399663946231397,3.601123595505618,7.025280898876405,0.3077017716535433,1.101123595505618,0.0
耳鼻咽喉科,MR君,② 配信対象だが既読なし,407,2808,11.874692874692874,0.41899441340782123,3.660933660933661,6.899262899262899,0.3454724409448819,1.3366093366093366,0.0
耳鼻咽喉科,MR君,③ 配信対象かつ既読あり,451,2819,11.416851441241684,0.45251505146630416,3.882483370288248,6.250554323725056,0.3468257874015748,1.334811529933481,2.2882483370288247
耳鼻咽喉科,MR面談回数,0回,819,6012,11.678876678876678,0.37145844223732355,3.457875457875458,7.34065934065934,0.7396653543307087,0.0,0.8229548229548229
耳鼻咽喉科,MR面談回数,1回,36,218,10.444444444444445,0.42021276595744683,3.7222222222222223,6.055555555555555,0.026820866141732284,1.0,1.1111111111111112
耳鼻咽喉科,MR面談回数,2〜3回,139,826,11.39568345323741,0.47853535353535354,3.9784172661870505,5.942446043165468,0.1016240157480315,2.58273381294964,0.9856115107913669
耳鼻咽喉科,MR面談回数,4回以上,220,1072,11.922727272727272,0.5913076629813191,4.5636363636363635,4.872727272727273,0.13188976377952755,5.195454545454545,0.8227272727272728
耳鼻咽喉科,面談×既読,α 面談なし・既読なし,522,3979,11.777777777777779,0.35279765777488614,3.3505747126436782,7.6226053639846745,0.48954232283464566,0.0,0.0
耳鼻咽喉科,面談×既読,β 面談あり・既読なし,241,1330,11.8298755186722,0.5334970185899685,4.244813278008299,5.518672199170124,0.16363188976377951,3.883817427385892,0.0
耳鼻咽喉科,面談×既読,γ 面談なし・既読あり,297,2033,11.505050505050505,0.40503365525314605,3.6464646464646466,6.845117845117845,0.250123031496063,0.0,2.2693602693602695
耳鼻咽喉科,面談×既読,δ 面談あり・既読あり,154,786,11.246753246753247,0.546189376443418,4.337662337662338,5.103896103896104,0.0967027559055118,3.909090909090909,2.324675324675325
小児科,MR君,① MR君配信対象外,367,1189,4.223433242506812,0.23290322580645162,2.681198910081744,3.239782016348774,0.2981444332998997,0.7138964577656676,0.0
小児科,MR君,② 配信対象だが既読なし,432,1432,4.194444444444445,0.2097130242825607,2.613425925925926,3.314814814814815,0.35907723169508526,0.7175925925925926,0.0
小児科,MR君,③ 配信対象かつ既読あり,433,1367,4.1639722863741335,0.2418191902384914,2.7321016166281753,3.1570438799076213,0.34277833500501503,0.6212471131639723,2.187066974595843
小児科,MR面談回数,0回,1003,3450,4.231306081754735,0.18708765315739867,2.4666001994017948,3.439680957128614,0.8650952858575727,0.0,0.7936191425722832
小児科,MR面談回数,1回,24,85,4.5,0.21296296296296297,2.9166666666666665,3.5416666666666665,0.02131394182547643,1.0,0.7916666666666666
小児科,MR面談回数,2〜3回,96,224,3.53125,0.3392330383480826,3.1458333333333335,2.3333333333333335,0.05616850551654965,2.53125,0.6458333333333334
小児科,MR面談回数,4回以上,109,229,4.348623853211009,0.5168776371308017,4.128440366972477,2.1009174311926606,0.0574222668004012,5.26605504587156,0.6422018348623854
小児科,面談×既読,α 面談なし・既読なし,643,2248,4.228615863141524,0.1732254505332843,2.404354587869362,3.4961119751166407,0.563691073219659,0.0,0.0
小児科,面談×既読,β 面談あり・既読なし,156,373,4.121794871794871,0.4199066874027994,3.6346153846153846,2.391025641025641,0.09353059177532598,3.6666666666666665,0.0
小児科,面談×既読,γ 面談なし・既読あり,360,1202,4.236111111111111,0.21180327868852458,2.577777777777778,3.338888888888889,0.3014042126379137,0.0,2.2111111111111112
小児科,面談×既読,δ 面談あり・既読あり,73,165,3.808219178082192,0.4064748201438849,3.493150684931507,2.26027397260274,0.04137412236710131,3.684931506849315,2.0684931506849313
眼科,MR君,① MR君配信対象外,139,354,3.0,0.1510791366906475,2.237410071942446,2.5467625899280577,0.2765625,0.37410071942446044,0.0
眼科,MR君,② 配信対象だが既読なし,176,468,3.0625,0.13172541743970315,2.5,2.659090909090909,0.365625,0.4943181818181818,0.0
眼科,MR君,③ 配信対象かつ既読あり,167,458,3.3832335329341316,0.18938053097345134,2.413173652694611,2.7425149700598803,0.3578125,0.437125748502994,2.2395209580838324
眼科,MR面談回数,0回,421,1159,3.1235154394299287,0.11863117870722434,2.209026128266033,2.7529691211401426,0.90546875,0.0,0.7909738717339667
眼科,MR面談回数,1回,6,14,2.8333333333333335,0.17647058823529413,2.8333333333333335,2.3333333333333335,0.0109375,1.0,0.16666666666666666
眼科,MR面談回数,2〜3回,28,69,3.8214285714285716,0.35514018691588783,3.4285714285714284,2.4642857142857144,0.05390625,2.5,0.7857142857142857
眼科,MR面談回数,4回以上,27,38,3.037037037037037,0.5365853658536586,4.111111111111111,1.4074074074074074,0.0296875,5.037037037037037,0.6666666666666666
眼科,面談×既読,α 面談なし・既読なし,273,745,3.04029304029304,0.10240963855421686,2.2051282051282053,2.728937728937729,0.58203125,0.0,0.0
眼科,面談×既読,β 面談あり・既読なし,42,77,3.0,0.3888888888888889,3.5476190476190474,1.8333333333333333,0.06015625,3.3095238095238093,0.0
眼科,面談×既読,γ 面談なし・既読あり,148,414,3.277027027027027,0.1463917525773196,2.2162162162162162,2.7972972972972974,0.3234375,0.0,2.25
眼科,面談×既読,δ 面談あり・既読あり,19,44,4.2105263157894735,0.45,3.9473684210526314,2.3157894736842106,0.034375,3.8421052631578947,2.1578947368421053
ギャップ群A 内科×飲み合わせ,MR君,① MR君配信対象外,199,1151,6.592964824120603,0.12271341463414634,2.020100502512563,5.78391959798995,0.33694379391100704,0.4120603015075377,0.0
ギャップ群A 内科×飲み合わせ,MR君,② 配信対象だが既読なし,213,1245,6.699530516431925,0.12754029432375613,2.1173708920187795,5.845070422535211,0.3644613583138173,0.4460093896713615,0.0
ギャップ群A 内科×飲み合わせ,MR君,③ 配信対象かつ既読あり,188,1020,6.457446808510638,0.15980230642504117,2.122340425531915,5.425531914893617,0.29859484777517564,0.40425531914893614,2.175531914893617
ギャップ群A 内科×飲み合わせ,MR面談回数,0回,506,2928,6.561264822134388,0.1180722891566265,2.013833992094862,5.786561264822135,0.8571428571428571,0.0,0.6640316205533597
ギャップ群A 内科×飲み合わせ,MR面談回数,1回,16,85,6.75,0.21296296296296297,2.3125,5.3125,0.024882903981264637,1.0,0.8125
ギャップ群A 内科×飲み合わせ,MR面談回数,2〜3回,56,290,6.482142857142857,0.20110192837465565,2.357142857142857,5.178571428571429,0.08489461358313817,2.4285714285714284,0.8214285714285714
ギャップ群A 内科×飲み合わせ,MR面談回数,4回以上,22,113,7.363636363636363,0.30246913580246915,2.909090909090909,5.136363636363637,0.03307962529274005,4.590909090909091,0.6363636363636364
ギャップ群A 内科×飲み合わせ,面談×既読,α 面談なし・既読なし,348,2057,6.629310344827586,0.10836584308625921,2.0057471264367814,5.910919540229885,0.6021662763466042,0.0,0.0
ギャップ群A 内科×飲み合わせ,面談×既読,β 面談あり・既読なし,64,339,6.75,0.2152777777777778,2.421875,5.296875,0.09923887587822014,2.765625,0.0
ギャップ群A 内科×飲み合わせ,面談×既読,γ 面談なし・既読あり,158,871,6.4113924050632916,0.140177690029615,2.0316455696202533,5.512658227848101,0.2549765807962529,0.0,2.1265822784810124
ギャップ群A 内科×飲み合わせ,面談×既読,δ 面談あり・既読あり,30,149,6.7,0.25870646766169153,2.6,4.966666666666667,0.043618266978922716,2.533333333333333,2.433333333333333
ギャップ群B 耳鼻×24h持続性,MR君,① MR君配信対象外,63,557,11.238095238095237,0.2132768361581921,2.5714285714285716,8.841269841269842,0.33614966807483404,0.5555555555555556,0.0
ギャップ群B 耳鼻×24h持続性,MR君,② 配信対象だが既読なし,68,598,11.397058823529411,0.22838709677419355,2.411764705882353,8.794117647058824,0.36089318044659024,0.36764705882352944,0.0
ギャップ群B 耳鼻×24h持続性,MR君,③ 配信対象かつ既読あり,59,502,11.067796610169491,0.23124042879019907,2.5084745762711864,8.508474576271187,0.3029571514785757,0.5423728813559322,1.9491525423728813
ギャップ群B 耳鼻×24h持続性,MR面談回数,0回,158,1426,11.41139240506329,0.20909595119245702,2.430379746835443,9.025316455696203,0.8605914302957152,0.0,0.6075949367088608
ギャップ群B 耳鼻×24h持続性,MR面談回数,1回,4,22,6.75,0.18518518518518517,2.5,5.5,0.013277006638503319,1.0,1.25
ギャップ群B 耳鼻×24h持続性,MR面談回数,2〜3回,19,146,10.789473684210526,0.28780487804878047,2.6842105263157894,7.684210526315789,0.08811104405552203,2.473684210526316,0.5263157894736842
ギャップ群B 耳鼻×24h持続性,MR面談回数,4回以上,9,63,11.222222222222221,0.37623762376237624,3.2222222222222223,7.0,0.038020519010259504,4.555555555555555,0.4444444444444444
ギャップ群B 耳鼻×24h持続性,面談×既読,α 面談なし・既読なし,109,993,11.55045871559633,0.21127879269261318,2.467889908256881,9.110091743119266,0.5992757996378998,0.0,0.0
ギャップ群B 耳鼻×24h持続性,面談×既読,β 面談あり・既読なし,22,162,10.181818181818182,0.2767857142857143,2.590909090909091,7.363636363636363,0.09776704888352444,2.727272727272727,0.0
ギャップ群B 耳鼻×24h持続性,面談×既読,γ 面談なし・既読あり,49,433,11.10204081632653,0.20404411764705882,2.3469387755102042,8.83673469387755,0.2613156306578153,0.0,1.9591836734693877
ギャップ群B 耳鼻×24h持続性,面談×既読,δ 面談あり・既読あり,10,69,10.9,0.3669724770642202,3.3,6.9,0.04164152082076041,3.2,1.9
ギャップ群C 内科×副作用,MR君,① MR君配信対象外,98,566,6.63265306122449,0.12923076923076923,2.0510204081632653,5.775510204081633,0.3670557717250324,0.45918367346938777,0.0
ギャップ群C 内科×副作用,MR君,② 配信対象だが既読なし,85,424,5.8,0.13995943204868155,2.011764705882353,4.988235294117647,0.27496757457846954,0.3058823529411765,0.0
ギャップ群C 内科×副作用,MR君,③ 配信対象かつ既読あり,100,552,6.29,0.12241653418124006,1.99,5.52,0.35797665369649806,0.31,2.06
ギャップ群C 内科×副作用,MR面談回数,0回,246,1355,6.260162601626016,0.12012987012987013,1.943089430894309,5.508130081300813,0.8787289234760052,0.0,0.7317073170731707
ギャップ群C 内科×副作用,MR面談回数,1回,6,34,6.333333333333333,0.10526315789473684,2.0,5.666666666666667,0.02204928664072633,1.0,0.16666666666666666
ギャップ群C 内科×副作用,MR面談回数,2〜3回,22,117,6.5,0.18181818181818182,2.3636363636363638,5.318181818181818,0.07587548638132295,2.4545454545454546,1.0
ギャップ群C 内科×副作用,MR面談回数,4回以上,9,36,5.666666666666667,0.29411764705882354,3.2222222222222223,4.0,0.023346303501945526,4.666666666666667,0.3333333333333333
ギャップ群C 内科×副作用,面談×既読,α 面談なし・既読なし,158,865,6.2405063291139244,0.12271805273833672,1.9303797468354431,5.474683544303797,0.5609597924773022,0.0,0.0
ギャップ群C 内科×副作用,面談×既読,β 面談あり・既読なし,25,125,6.28,0.20382165605095542,2.68,5.0,0.08106355382619974,2.84,0.0
ギャップ群C 内科×副作用,面談×既読,γ 面談なし・既読あり,88,490,6.295454545454546,0.11552346570397112,1.9659090909090908,5.568181818181818,0.31776913099870296,0.0,2.0454545454545454
ギャップ群C 内科×副作用,面談×既読,δ 面談あり・既読あり,12,62,6.25,0.17333333333333334,2.1666666666666665,5.166666666666667,0.040207522697795074,2.5833333333333335,2.1666666666666665
ギャップ群A+B+C,MR君,① MR君配信対象外,360,2274,7.416666666666667,0.14831460674157304,2.125,6.316666666666666,0.3437641723356009,0.45,0.0
ギャップ群A+B+C,MR君,② 配信対象だが既読なし,366,2267,7.363387978142076,0.1588126159554731,2.1475409836065573,6.193989071038251,0.3427059712773998,0.3989071038251366,0.0
ギャップ群A+B+C,MR君,③ 配信対象かつ既読あり,347,2074,7.193083573487032,0.16907051282051283,2.14985590778098,5.976945244956772,0.31352985638699926,0.40057636887608067,2.1037463976945245
ギャップ群A+B+C,MR面談回数,0回,910,5709,7.321978021978022,0.14317874831157137,2.0670329670329672,6.2736263736263735,0.8630385487528345,0.0,0.6725274725274726
ギャップ群A+B+C,MR面談回数,1回,26,141,6.653846153846154,0.18497109826589594,2.269230769230769,5.423076923076923,0.021315192743764172,1.0,0.7307692307692307
ギャップ群A+B+C,MR面談回数,2〜3回,97,553,7.329896907216495,0.2222222222222222,2.422680412371134,5.701030927835052,0.0835978835978836,2.443298969072165,0.8041237113402062
ギャップ群A+B+C,MR面談回数,4回以上,40,212,7.85,0.3248407643312102,3.05,5.3,0.03204837490551776,4.6,0.525
ギャップ群A+B+C,面談×既読,α 面談なし・既読なし,615,3915,7.401626016260162,0.13993848857644992,2.0682926829268293,6.365853658536586,0.5918367346938775,0.0,0.0
ギャップ群A+B+C,面談×既読,β 面談あり・既読なし,111,626,7.324324324324325,0.23001230012300122,2.5135135135135136,5.63963963963964,0.09463340891912321,2.774774774774775,0.0
ギャップ群A+B+C,面談×既読,γ 面談なし・既読あり,295,1794,7.15593220338983,0.15016579819990525,2.064406779661017,6.081355932203389,0.27120181405895694,0.0,2.074576271186441
ギャップ群A+B+C,面談×既読,δ 面談あり・既読あり,52,280,7.403846153846154,0.2727272727272727,2.6346153846153846,5.384615384615385,0.042328042328042326,2.673076923076923,2.269230769230769
