対象,接触群,医師数,Q1平均の変化,Q1平均の変化 95%区間,Q4の変化,Q4の変化 95%区間,Q3_2(処方患者数)の変化,Q3_2(処方患者数)の変化 95%区間,Q3_1(患者数)の変化,Q3_1(患者数)の変化 95%区間,処方割合の変化(pt),処方割合の変化 95%区間,2025年処方割合,2026年処方割合,少数注意(n<30)
全診療科,α 面談なし・既読なし,1927,0.014426569797612863,"[0.00, 0.03]",0.024909185262065387,"[-0.02, 0.07]",-0.026984950700570835,"[-0.11, 0.05]",-0.01660612350804359,"[-0.20, 0.16]",-0.3440231908455216,"[-1.3, 0.6]",0.25406758448060074,0.2506273525721455,False
全診療科,β 面談あり・既読なし,651,0.8949308755760369,"[0.84, 0.94]",1.0291858678955452,"[0.94, 1.12]",1.588325652841782,"[1.38, 1.79]",0.2887864823348694,"[-0.04, 0.62]",20.07632012405218,"[17.9, 22.0]",0.2705457634317265,0.4713089646722483,False
全診療科,γ 面談なし・既読あり,1082,0.16617375231053605,"[0.14, 0.19]",0.2698706099815157,"[0.21, 0.33]",0.1589648798521257,"[0.04, 0.28]",-0.21534195933456562,"[-0.46, 0.03]",3.2663771568109734,"[1.9, 4.7]",0.27003367003367,0.30269744160177975,False
全診療科,δ 面談あり・既読あり,340,1.026470588235294,"[0.95, 1.10]",1.2117647058823529,"[1.08, 1.34]",1.6411764705882352,"[1.36, 1.93]",0.08235294117647059,"[-0.37, 0.54]",20.819937134639254,"[18.1, 23.2]",0.2834736036725325,0.49167297501892504,False
内科,α 面談なし・既読なし,771,0.018677042801556413,"[-0.00, 0.04]",0.014267185473411154,"[-0.05, 0.08]",-0.13878080415045396,"[-0.24, -0.03]",-0.45006485084306097,"[-0.72, -0.18]",-0.6903044698152089,"[-2.0, 0.7]",0.21189376443418015,0.20499071973602806,False
内科,β 面談あり・既読なし,309,0.9501618122977347,"[0.87, 1.03]",1.1294498381877023,"[1.00, 1.26]",1.4886731391585761,"[1.23, 1.74]",0.3948220064724919,"[-0.06, 0.85]",20.805221747259267,"[18.0, 23.7]",0.2182559918408975,0.42630820931349017,False
内科,γ 面談なし・既読あり,434,0.16267281105990786,"[0.13, 0.20]",0.25806451612903225,"[0.17, 0.35]",0.08986175115207373,"[-0.06, 0.24]",-0.38018433179723504,"[-0.74, -0.02]",2.8043527735866576,"[0.9, 4.8]",0.23255813953488372,0.2606016672707503,False
内科,δ 面談あり・既読あり,149,0.9798657718120806,"[0.87, 1.09]",1.2281879194630871,"[1.05, 1.41]",1.4563758389261745,"[1.10, 1.81]",0.006711409395973154,"[-0.61, 0.62]",22.396843778577352,"[18.3, 26.1]",0.19855222337125128,0.4225206611570248,False
耳鼻咽喉科,α 面談なし・既読なし,423,-0.001891252955082765,"[-0.03, 0.03]",-0.06382978723404255,"[-0.15, 0.02]",0.16312056737588654,"[-0.11, 0.43]",0.8983451536643026,"[0.41, 1.38]",-1.3438632942523399,"[-3.2, 0.6]",0.3601713062098501,0.3467326732673267,False
耳鼻咽喉科,β 面談あり・既読なし,187,0.8224598930481284,"[0.74, 0.91]",0.8663101604278075,"[0.71, 1.02]",2.4759358288770055,"[1.97, 2.98]",0.7005347593582888,"[-0.05, 1.46]",18.84174454262819,"[15.5, 21.9]",0.34563758389261745,0.5340550293188994,False
耳鼻咽喉科,γ 面談なし・既読あり,245,0.18285714285714286,"[0.13, 0.23]",0.24081632653061225,"[0.12, 0.36]",0.2653061224489796,"[-0.13, 0.66]",-0.11836734693877551,"[-0.79, 0.56]",2.6702486851979956,"[0.2, 5.3]",0.37730595196658545,0.4040084388185654,False
耳鼻咽喉科,δ 面談あり・既読あり,123,0.9300813008130082,"[0.80, 1.06]",0.975609756097561,"[0.76, 1.19]",2.032520325203252,"[1.42, 2.65]",0.21951219512195122,"[-0.69, 1.13]",17.108961224225133,"[13.4, 20.7]",0.37527272727272726,0.5463623395149786,False
全診療科・2025年Q1平均2以下,α 面談なし・既読なし,1031,0.050824442289039776,"[0.03, 0.07]",0.049466537342386034,"[-0.00, 0.10]",0.049466537342386034,"[-0.02, 0.12]",0.049466537342386034,"[-0.18, 0.28]",0.7400564356551564,"[-0.2, 1.9]",0.0966958211856171,0.10409638554216867,False
全診療科・2025年Q1平均2以下,β 面談あり・既読なし,319,1.0601880877742946,"[0.98, 1.14]",1.4043887147335423,"[1.28, 1.53]",1.7586206896551724,"[1.52, 2.00]",0.2225705329153605,"[-0.21, 0.66]",26.09655338795002,"[23.3, 28.8]",0.0944958597174866,0.3554613935969868,False
全診療科・2025年Q1平均2以下,γ 面談なし・既読あり,579,0.22210708117443873,"[0.19, 0.25]",0.3644214162348877,"[0.29, 0.44]",0.32469775474956825,"[0.23, 0.42]",-0.06735751295336788,"[-0.38, 0.24]",5.704513932669271,"[4.3, 7.2]",0.09414533686378347,0.15119047619047618,False
全診療科・2025年Q1平均2以下,δ 面談あり・既読あり,164,1.229268292682927,"[1.12, 1.34]",1.6890243902439024,"[1.50, 1.88]",2.0365853658536586,"[1.72, 2.35]",0.3048780487804878,"[-0.27, 0.88]",29.17325772395298,"[25.5, 33.0]",0.09267840593141798,0.38441098317094774,False
内科・2025年Q1平均2以下,α 面談なし・既読なし,420,0.05714285714285714,"[0.03, 0.09]",0.02142857142857143,"[-0.07, 0.11]",0.004761904761904762,"[-0.09, 0.10]",-0.22857142857142856,"[-0.61, 0.15]",0.3876736840918493,"[-1.0, 1.8]",0.08747300215982722,0.09134973900074571,False
内科・2025年Q1平均2以下,β 面談あり・既読なし,168,1.1011904761904763,"[0.99, 1.22]",1.4345238095238095,"[1.25, 1.62]",1.6785714285714286,"[1.39, 1.96]",0.5119047619047619,"[-0.04, 1.07]",24.56022659511032,"[20.8, 28.2]",0.08624031007751938,0.33184257602862255,False
内科・2025年Q1平均2以下,γ 面談なし・既読あり,234,0.23931623931623933,"[0.20, 0.28]",0.4230769230769231,"[0.30, 0.55]",0.3547008547008547,"[0.20, 0.51]",-0.0811965811965812,"[-0.59, 0.43]",5.69267466282357,"[3.5, 8.0]",0.09283819628647215,0.14976494291470785,False
内科・2025年Q1平均2以下,δ 面談あり・既読あり,80,1.0975000000000001,"[0.94, 1.25]",1.6125,"[1.36, 1.86]",1.8375,"[1.46, 2.22]",0.2125,"[-0.57, 1.00]",27.861466190884865,"[23.0, 32.7]",0.05917159763313609,0.3377862595419847,False
耳鼻咽喉科・2025年Q1平均2以下,α 面談なし・既読なし,145,0.06344827586206896,"[0.01, 0.12]",0.041379310344827586,"[-0.11, 0.20]",0.2413793103448276,"[-0.09, 0.57]",0.9448275862068966,"[0.15, 1.74]",0.8684614113804584,"[-1.8, 3.5]",0.1461877756773787,0.15487238979118328,False
耳鼻咽喉科・2025年Q1平均2以下,β 面談あり・既読なし,54,1.1444444444444444,"[0.98, 1.31]",1.4444444444444444,"[1.16, 1.73]",3.6481481481481484,"[2.83, 4.47]",0.4444444444444444,"[-1.01, 1.90]",29.98975392042791,"[24.8, 35.0]",0.12359550561797752,0.4234930448222566,False
耳鼻咽喉科・2025年Q1平均2以下,γ 面談なし・既読あり,76,0.28421052631578947,"[0.20, 0.36]",0.5,"[0.27, 0.73]",0.7631578947368421,"[0.30, 1.22]",0.25,"[-1.00, 1.50]",6.6119654641123295,"[3.3, 10.1]",0.1329268292682927,0.19904648390941598,False
耳鼻咽喉科・2025年Q1平均2以下,δ 面談あり・既読あり,37,1.3135135135135136,"[1.05, 1.57]",1.8108108108108107,"[1.40, 2.22]",3.2162162162162162,"[2.32, 4.11]",0.7837837837837838,"[-0.63, 2.20]",27.9847640996095,"[21.8, 34.3]",0.14698162729658792,0.4268292682926829,False
