対象,カバー状況,医師数,潜在未処方患者数,平均患者数,処方割合,平均Q4,平均潜在未処方(一人当たり),潜在未処方の構成比,医師数の構成比
"全診療科(5,000)",A 面談なし・MR君対象外,1144,5705,6.673076923076923,0.2526853549908305,2.644230769230769,4.986888111888112,0.2487573035667568,0.2288
"全診療科(5,000)",B 面談あり・MR君対象外,375,1505,7.634666666666667,0.4743276283618582,3.824,4.013333333333334,0.06562309235196652,0.075
"全診療科(5,000)",C 面談なし・MR君対象,2603,12306,6.575873991548214,0.2810656072909973,2.803303880138302,4.727621974644641,0.5365832388593355,0.5206
"全診療科(5,000)",D 面談あり・MR君対象,878,3418,7.517084282460137,0.4821212121212121,3.8838268792710706,3.8929384965831435,0.14903636522194122,0.1756
内科,A 面談なし・MR君対象外,476,2483,6.584033613445378,0.20772176132737716,2.563025210084034,5.216386554621849,0.2603271126022227,0.22972972972972974
内科,B 面談あり・MR君対象外,181,683,6.795580110497237,0.44471544715447153,3.657458563535912,3.773480662983425,0.07160830362759488,0.08735521235521236
内科,C 面談なし・MR君対象,1028,4907,6.316147859922179,0.2442630525180964,2.7879377431906613,4.773346303501945,0.5144684420213881,0.49613899613899615
内科,D 面談あり・MR君対象,387,1465,6.51937984496124,0.41934205311137535,3.7338501291989665,3.785529715762274,0.1535961417487943,0.18677606177606176
耳鼻咽喉科,A 面談なし・MR君対象外,248,1892,11.685483870967742,0.347135955831608,3.3306451612903225,7.629032258064516,0.2327755905511811,0.2042833607907743
耳鼻咽喉科,B 面談あり・MR君対象外,108,609,11.74074074074074,0.5197160883280757,4.222222222222222,5.638888888888889,0.07492618110236221,0.08896210873146623
耳鼻咽喉科,C 面談なし・MR君対象,571,4120,11.67600700525394,0.38203089845507726,3.5131348511383536,7.215411558669002,0.5068897637795275,0.47034596375617793
耳鼻咽喉科,D 面談あり・MR君対象,287,1507,11.550522648083623,0.5453996983408748,4.303135888501743,5.2508710801393725,0.18540846456692914,0.23640856672158156
小児科,A 面談なし・MR君対象外,296,1006,4.172297297297297,0.1854251012145749,2.4324324324324325,3.3986486486486487,0.2522567703109328,0.24025974025974026
小児科,B 面談あり・MR君対象外,71,183,4.436619718309859,0.41904761904761906,3.7183098591549295,2.5774647887323945,0.045887662988966904,0.05762987012987013
小児科,C 面談なし・MR君対象,707,2444,4.256011315417256,0.1877700232635427,2.480905233380481,3.4568599717114568,0.6128385155466399,0.5738636363636364
小児科,D 面談あり・MR君対象,158,355,3.8354430379746836,0.4141914191419142,3.5316455696202533,2.2468354430379747,0.08901705115346038,0.12824675324675325
眼科,A 面談なし・MR君対象外,124,324,2.9596774193548385,0.11716621253405994,2.088709677419355,2.6129032258064515,0.253125,0.2572614107883817
眼科,B 面談あり・MR君対象外,15,30,3.3333333333333335,0.4,3.466666666666667,2.0,0.0234375,0.03112033195020747
眼科,C 面談なし・MR君対象,297,835,3.191919191919192,0.11919831223628692,2.259259259259259,2.8114478114478114,0.65234375,0.6161825726141079
眼科,D 面談あり・MR君対象,46,91,3.391304347826087,0.4166666666666667,3.739130434782609,1.9782608695652173,0.07109375,0.0954356846473029
ギャップ群A 内科×飲み合わせ,A 面談なし・MR君対象外,172,1016,6.616279069767442,0.10720562390158173,1.941860465116279,5.906976744186046,0.297423887587822,0.2866666666666667
ギャップ群A 内科×飲み合わせ,B 面談あり・MR君対象外,27,135,6.444444444444445,0.22413793103448276,2.5185185185185186,5.0,0.039519906323185014,0.045
ギャップ群A 内科×飲み合わせ,C 面談なし・MR君対象,334,1912,6.532934131736527,0.12373968835930339,2.0508982035928143,5.724550898203593,0.5597189695550351,0.5566666666666666
ギャップ群A 内科×飲み合わせ,D 面談あり・MR君対象,67,353,6.850746268656716,0.23093681917211328,2.462686567164179,5.268656716417911,0.10333723653395785,0.11166666666666666
ギャップ群B 耳鼻×24h持続性,A 面談なし・MR君対象外,50,465,11.58,0.19689119170984457,2.52,9.3,0.28062764031382015,0.2631578947368421
ギャップ群B 耳鼻×24h持続性,B 面談あり・MR君対象外,13,92,9.923076923076923,0.2868217054263566,2.769230769230769,7.076923076923077,0.05552202776101388,0.06842105263157895
ギャップ群B 耳鼻×24h持続性,C 面談なし・MR君対象,108,961,11.333333333333334,0.21486928104575165,2.388888888888889,8.898148148148149,0.579963789981895,0.5684210526315789
ギャップ群B 耳鼻×24h持続性,D 面談あり・MR君対象,19,139,10.736842105263158,0.31862745098039214,2.8421052631578947,7.315789473684211,0.08388654194327097,0.1
ギャップ群C 内科×副作用,A 面談なし・MR君対象外,84,489,6.559523809523809,0.11252268602540835,1.9523809523809523,5.821428571428571,0.31712062256809337,0.2968197879858657
ギャップ群C 内科×副作用,B 面談あり・MR君対象外,14,77,7.071428571428571,0.2222222222222222,2.642857142857143,5.5,0.04993514915693904,0.04946996466431095
ギャップ群C 内科×副作用,C 面談なし・MR君対象,162,866,6.104938271604938,0.1243680485338726,1.9382716049382716,5.345679012345679,0.5616083009079118,0.5724381625441696
ギャップ群C 内科×副作用,D 面談あり・MR君対象,23,110,5.782608695652174,0.17293233082706766,2.4347826086956523,4.782608695652174,0.07133592736705577,0.0812720848056537
ギャップ群A+B+C,A 面談なし・MR君対象外,306,1970,7.411764705882353,0.13139329805996472,2.0392156862745097,6.437908496732026,0.29780801209372637,0.2851817334575955
ギャップ群A+B+C,B 面談あり・MR君対象外,54,304,7.444444444444445,0.24378109452736318,2.611111111111111,5.62962962962963,0.04595616024187453,0.05032618825722274
ギャップ群A+B+C,C 面談なし・MR君対象,604,3739,7.276490066225166,0.14926052332195677,2.0811258278145695,6.190397350993377,0.565230536659108,0.5629077353215284
ギャップ群A+B+C,D 面談あり・MR君対象,109,602,7.302752293577981,0.24371859296482412,2.522935779816514,5.522935779816514,0.091005291005291,0.1015843429636533
