群,面談回数,医師数,内科,耳鼻咽喉科,2025年 平均患者数Q3_1,2025年 平均処方患者数Q3_2,2025年 処方割合,2025年 平均Q1,2025年 平均Q4,2025年 平均潜在未処方,MR君配信対象率,MR君既読率(全医師),少数(n<20)
A群346名(主),0,248,140,108,11.495967741935484,0.6975806451612904,0.06068046299544019,1.3620967741935481,1.4516129032258065,10.798387096774194,0.6491935483870968,0.34274193548387094,False
A群346名(主),1,13,8,5,10.384615384615385,0.46153846153846156,0.044444444444444446,1.4307692307692308,1.4615384615384615,9.923076923076923,0.6923076923076923,0.3076923076923077,True
A群346名(主),2,8,4,4,12.875,0.5,0.038834951456310676,1.25,1.25,12.375,0.75,0.25,True
A群346名(主),3,27,12,15,11.592592592592593,1.0,0.08626198083067092,1.2888888888888888,1.4814814814814814,10.592592592592593,0.7407407407407407,0.3333333333333333,False
A群346名(主),4,22,11,11,10.045454545454545,0.45454545454545453,0.04524886877828054,1.3818181818181818,1.4545454545454546,9.590909090909092,0.7727272727272727,0.4090909090909091,False
A群346名(主),5,11,5,6,12.454545454545455,1.1818181818181819,0.0948905109489051,1.4181818181818182,1.5454545454545454,11.272727272727273,0.7272727272727273,0.45454545454545453,True
A群346名(主),6,8,5,3,12.5,0.25,0.02,1.4,1.375,12.25,0.875,0.375,True
A群346名(主),7,6,5,1,10.833333333333334,0.0,0.0,1.2333333333333334,1.1666666666666667,10.833333333333334,0.8333333333333334,0.6666666666666666,True
A群346名(主),8,2,0,2,13.5,0.5,0.037037037037037035,1.1,1.5,13.0,1.0,0.0,True
A群346名(主),9以上,1,1,0,8.0,0.0,0.0,1.6,1.0,8.0,1.0,0.0,True
