群,面談回数,医師数,Q3_2(処方患者数)の変化,Q3_2(処方患者数) 95%区間,Q3_1(患者数)の変化,Q3_1(患者数) 95%区間,Q1の変化,Q1 95%区間,Q4の変化,Q4 95%区間,処方割合の変化(pt),処方割合 95%区間(pt),処方割合 25→26,少数(n<20),備考
A群346名(主),0,248,0.2782258064516129,"[0.10, 0.46]",-2.3548387096774195,"[-2.95, -1.76]",0.11935483870967743,"[0.08, 0.16]",0.3709677419354839,"[0.26, 0.48]",4.606854450345703,"[3.0, 6.4]",0.061→0.107,False,
A群346名(主),1,13,0.9230769230769231,"[0.08, 1.77]",-1.7692307692307692,"[-3.23, -0.31]",0.38461538461538464,"[0.22, 0.55]",0.5384615384615384,"[0.18, 0.90]",11.626984126984127,"[3.7, 19.9]",0.044→0.161,True,
A群346名(主),2,8,,,,,,,,,,,,True,n<10のため省略
A群346名(主),3,27,1.8518518518518519,"[1.08, 2.63]",-2.259259259259259,"[-3.90, -0.62]",0.911111111111111,"[0.72, 1.10]",1.2592592592592593,"[0.94, 1.58]",21.929357472488466,"[15.4, 28.3]",0.086→0.306,False,
A群346名(主),4,22,4.318181818181818,"[3.38, 5.26]",1.5454545454545454,"[-0.15, 3.24]",1.2454545454545454,"[1.08, 1.41]",2.1363636363636362,"[1.70, 2.57]",36.65158371040724,"[29.5, 43.4]",0.045→0.412,False,
A群346名(主),5,11,2.6363636363636362,"[1.45, 3.83]",-3.272727272727273,"[-5.37, -1.17]",1.7090909090909092,"[1.44, 1.98]",2.4545454545454546,"[1.74, 3.17]",32.09510732095107,"[23.4, 40.2]",0.095→0.416,True,
A群346名(主),6,8,,,,,,,,,,,,True,n<10のため省略
A群346名(主),7,6,,,,,,,,,,,,True,n<10のため省略
A群346名(主),8,2,,,,,,,,,,,,True,n<10のため省略
A群346名(主),9以上,1,,,,,,,,,,,,True,n<10のため省略
