基準(潜在未処方≧),群,医師数,潜在未処方患者数,高ポテンシャル内の構成比,両診療科の潜在未処方に占める割合,内科,耳鼻咽喉科,平均患者数,平均潜在未処方,平均Q1,平均Q4,処方割合
7,A 低理解×低意向,428,4139,0.4456767524496608,0.23429186007019132,261,167,10.404205607476635,9.67056074766355,1.389252336448598,1.469626168224299,0.07051426004940489
7,B 高理解×高意向,87,724,0.07795843652417357,0.04098267859164497,12,75,15.67816091954023,8.32183908045977,3.9471264367816095,4.632183908045977,0.46920821114369504
7,高理解×低意向,1,14,0.0015074835791967266,0.0007924827351975546,0,1,21.0,14.0,3.6,2.0,0.3333333333333333
7,その他(中間群),485,4410,0.4748573274469689,0.2496320615872297,185,300,12.595876288659793,9.092783505154639,2.501443298969072,3.2742268041237113,0.27811425765264364
8,A 低理解×低意向,316,3355,0.46681508278836786,0.18991282689912828,177,139,11.39240506329114,10.617088607594937,1.379113924050633,1.4525316455696202,0.06805555555555555
8,B 高理解×高意向,50,465,0.0647001530541255,0.026321747990490207,6,44,16.7,9.3,3.9040000000000004,4.6,0.4431137724550898
8,高理解×低意向,1,14,0.0019479615973285098,0.0007924827351975546,0,1,21.0,14.0,3.6,2.0,0.3333333333333333
8,その他(中間群),334,3353,0.4665368025601781,0.18979961507981433,109,225,13.497005988023952,10.038922155688622,2.4766467065868265,3.2425149700598803,0.2562111801242236
10,A 低理解×低意向,167,2095,0.5099805258033107,0.11858938073134835,75,92,13.419161676646707,12.544910179640718,1.3808383233532935,1.4191616766467066,0.06514948683623382
10,B 高理解×高意向,16,181,0.0440603700097371,0.010245669647911243,1,15,18.8125,11.3125,3.875,4.5625,0.39867109634551495
10,高理解×低意向,1,14,0.0034079844206426485,0.0007924827351975546,0,1,21.0,14.0,3.6,2.0,0.3333333333333333
10,その他(中間群),152,1818,0.4425511197663096,0.10290954375636817,34,118,15.5,11.960526315789474,2.460526315789474,3.1710526315789473,0.22835314091680814
