群,区分,状態,医師数,医師の割合,潜在未処方患者数,潜在未処方の割合,平均Q4,処方割合
A 低理解×低意向,面談回数,0回,290,0.9177215189873418,3098,0.923397913561848,1.4586206896551723,0.06433101781938991
A 低理解×低意向,面談回数,1回,8,0.02531645569620253,78,0.02324888226527571,1.25,0.025
A 低理解×低意向,面談回数,2〜3回,15,0.04746835443037975,154,0.04590163934426229,1.5333333333333334,0.14917127071823205
A 低理解×低意向,面談回数,4回以上,3,0.00949367088607595,25,0.007451564828614009,1.0,0.10714285714285714
A 低理解×低意向,MR君,①対象外,120,0.379746835443038,1309,0.3901639344262295,1.4,0.06030150753768844
A 低理解×低意向,MR君,②対象だが未読,111,0.3512658227848101,1159,0.34545454545454546,1.4594594594594594,0.0742811501597444
A 低理解×低意向,MR君,③既読あり,85,0.2689873417721519,887,0.26438152011922506,1.5176470588235293,0.0712041884816754
B 高理解×高意向,面談回数,0回,26,0.52,247,0.5311827956989247,4.538461538461538,0.4033816425120773
B 高理解×高意向,面談回数,1回,2,0.04,18,0.03870967741935484,5.0,0.28
B 高理解×高意向,面談回数,2〜3回,8,0.16,72,0.15483870967741936,4.75,0.47058823529411764
B 高理解×高意向,面談回数,4回以上,14,0.28,128,0.2752688172043011,4.571428571428571,0.5076923076923077
B 高理解×高意向,MR君,①対象外,14,0.28,134,0.28817204301075267,4.428571428571429,0.4297872340425532
B 高理解×高意向,MR君,②対象だが未読,17,0.34,153,0.32903225806451614,4.647058823529412,0.4831081081081081
B 高理解×高意向,MR君,③既読あり,19,0.38,178,0.3827956989247312,4.684210526315789,0.4144736842105263
高理解×低意向,面談回数,0回,1,1.0,14,1.0,2.0,0.3333333333333333
高理解×低意向,面談回数,1回,0,0.0,0,0.0,,
高理解×低意向,面談回数,2〜3回,0,0.0,0,0.0,,
高理解×低意向,面談回数,4回以上,0,0.0,0,0.0,,
高理解×低意向,MR君,①対象外,0,0.0,0,0.0,,
高理解×低意向,MR君,②対象だが未読,0,0.0,0,0.0,,
高理解×低意向,MR君,③既読あり,1,1.0,14,1.0,2.0,0.3333333333333333
その他(中間群),面談回数,0回,266,0.7964071856287425,2688,0.8016701461377871,3.210526315789474,0.24621424565339317
その他(中間群),面談回数,1回,10,0.029940119760479042,88,0.0262451535937966,3.6,0.3125
その他(中間群),面談回数,2〜3回,31,0.09281437125748503,316,0.09424396063226961,3.096774193548387,0.23671497584541062
その他(中間群),面談回数,4回以上,27,0.08083832335329341,261,0.07784073963614674,3.5925925925925926,0.3475
その他(中間群),MR君,①対象外,93,0.27844311377245506,952,0.2839248434237996,3.236559139784946,0.24324324324324326
その他(中間群),MR君,②対象だが未読,123,0.36826347305389223,1245,0.3713092752758724,3.2195121951219514,0.26807760141093473
その他(中間群),MR君,③既読あり,118,0.3532934131736527,1156,0.3447658813003281,3.2711864406779663,0.2537120723047127
高ポテンシャル全体,面談回数,0回,583,0.8316690442225392,6047,0.8413802699318214,2.3962264150943398,0.17300328227571116
高ポテンシャル全体,面談回数,1回,20,0.028530670470756064,184,0.025601780993460416,2.8,0.21030042918454936
高ポテンシャル全体,面談回数,2〜3回,54,0.07703281027104136,542,0.07541394183943231,2.9074074074074074,0.2585499316005472
高ポテンシャル全体,面談回数,4回以上,44,0.06276747503566334,414,0.057604007235285935,3.727272727272727,0.39825581395348836
高ポテンシャル全体,MR君,①対象外,227,0.3238231098430813,2395,0.3332405732572701,2.33920704845815,0.17013167013167013
高ポテンシャル全体,MR君,②対象だが未読,251,0.35805991440798857,2557,0.35578127174064283,2.537848605577689,0.21298861188057863
高ポテンシャル全体,MR君,③既読あり,223,0.3181169757489301,2235,0.3109781550020871,2.717488789237668,0.20996818663838812
