診療科,特性,A群医師数,1位に選んだ医師数,1位の割合,2位以内の割合,順位付けした割合,平均理解度Q1
内科,効果発現速度,177,11,0.062146892655367235,0.23728813559322035,0.327683615819209,1.3728813559322033
内科,適用症状の広さ,177,0,0.0,0.5310734463276836,0.5819209039548022,1.3163841807909604
内科,副作用の少なさ,177,41,0.23163841807909605,0.23163841807909605,0.3389830508474576,1.305084745762712
内科,他の薬との飲み合わせの良さ,177,98,0.5536723163841808,0.5875706214689266,0.615819209039548,1.3163841807909604
内科,24h持続性,177,27,0.15254237288135594,0.2768361581920904,0.4463276836158192,1.3559322033898304
耳鼻咽喉科,効果発現速度,139,25,0.17985611510791366,0.6474820143884892,0.6762589928057554,1.4028776978417266
耳鼻咽喉科,適用症状の広さ,139,0,0.0,0.09352517985611511,0.2014388489208633,1.460431654676259
耳鼻咽喉科,副作用の少なさ,139,41,0.2949640287769784,0.2949640287769784,0.41007194244604317,1.4388489208633093
耳鼻咽喉科,他の薬との飲み合わせの良さ,139,9,0.06474820143884892,0.1079136690647482,0.23741007194244604,1.4532374100719425
耳鼻咽喉科,24h持続性,139,64,0.460431654676259,0.697841726618705,0.7482014388489209,1.4316546762589928
