診療科,テーマ,既読件数,診療科の既読件数に占める割合,テーマ内コンテンツ数,1コンテンツ当たり既読件数
内科,24h持続性,660,0.20030349013657056,2,330.0
内科,他の薬との飲み合わせの良さ,787,0.23884673748103186,2,393.5
内科,副作用の少なさ,287,0.08710166919575114,1,287.0
内科,効果発現速度,929,0.28194233687405157,3,309.6666666666667
内科,適用症状の広さ,632,0.19180576631259483,2,316.0
耳鼻咽喉科,24h持続性,434,0.2076555023923445,2,217.0
耳鼻咽喉科,他の薬との飲み合わせの良さ,398,0.19043062200956937,2,199.0
耳鼻咽喉科,副作用の少なさ,184,0.08803827751196172,1,184.0
耳鼻咽喉科,効果発現速度,734,0.35119617224880384,3,244.66666666666666
耳鼻咽喉科,適用症状の広さ,340,0.16267942583732056,2,170.0
