診療科,コンテンツID,コンテンツ名,主要テーマ,既読件数
内科,C01,つらい症状にすぐ届く！薬剤Aの即効メカニズム,効果発現速度,307
内科,C02,鼻炎だけじゃない！薬剤Aの幅広い適応症例集,適用症状の広さ,313
内科,C03,安心の処方を支える薬剤Aの副作用プロファイル,副作用の少なさ,287
内科,C04,他剤との飲み合わせガイド〜併用時の注意点と実践〜,他の薬との飲み合わせの良さ,395
内科,C05,朝から夜まで効果持続！24時間カバーの臨床エビデンス,24h持続性,328
内科,C06,花粉症治療2026年最新トレンドまとめ,効果発現速度,313
内科,C07,速く効いて長く続く〜薬剤Aの即効性×持続性〜,効果発現速度,309
内科,C08,患者さんの声から見る薬剤AのQOL改善効果,適用症状の広さ,319
内科,C09,多剤併用患者への処方設計〜実践的アプローチ〜,他の薬との飲み合わせの良さ,392
内科,C10,薬剤Aの長期投与における安全性と有効性,24h持続性,332
小児科,C01,つらい症状にすぐ届く！薬剤Aの即効メカニズム,効果発現速度,200
小児科,C02,鼻炎だけじゃない！薬剤Aの幅広い適応症例集,適用症状の広さ,188
小児科,C03,安心の処方を支える薬剤Aの副作用プロファイル,副作用の少なさ,202
小児科,C04,他剤との飲み合わせガイド〜併用時の注意点と実践〜,他の薬との飲み合わせの良さ,230
小児科,C05,朝から夜まで効果持続！24時間カバーの臨床エビデンス,24h持続性,199
小児科,C06,花粉症治療2026年最新トレンドまとめ,効果発現速度,192
小児科,C07,速く効いて長く続く〜薬剤Aの即効性×持続性〜,効果発現速度,186
小児科,C08,患者さんの声から見る薬剤AのQOL改善効果,適用症状の広さ,190
小児科,C09,多剤併用患者への処方設計〜実践的アプローチ〜,他の薬との飲み合わせの良さ,183
小児科,C10,薬剤Aの長期投与における安全性と有効性,24h持続性,233
眼科,C01,つらい症状にすぐ届く！薬剤Aの即効メカニズム,効果発現速度,91
眼科,C02,鼻炎だけじゃない！薬剤Aの幅広い適応症例集,適用症状の広さ,61
眼科,C03,安心の処方を支える薬剤Aの副作用プロファイル,副作用の少なさ,81
眼科,C04,他剤との飲み合わせガイド〜併用時の注意点と実践〜,他の薬との飲み合わせの良さ,69
眼科,C05,朝から夜まで効果持続！24時間カバーの臨床エビデンス,24h持続性,88
眼科,C06,花粉症治療2026年最新トレンドまとめ,効果発現速度,89
眼科,C07,速く効いて長く続く〜薬剤Aの即効性×持続性〜,効果発現速度,101
眼科,C08,患者さんの声から見る薬剤AのQOL改善効果,適用症状の広さ,69
眼科,C09,多剤併用患者への処方設計〜実践的アプローチ〜,他の薬との飲み合わせの良さ,71
眼科,C10,薬剤Aの長期投与における安全性と有効性,24h持続性,84
耳鼻咽喉科,C01,つらい症状にすぐ届く！薬剤Aの即効メカニズム,効果発現速度,243
耳鼻咽喉科,C02,鼻炎だけじゃない！薬剤Aの幅広い適応症例集,適用症状の広さ,166
耳鼻咽喉科,C03,安心の処方を支える薬剤Aの副作用プロファイル,副作用の少なさ,184
耳鼻咽喉科,C04,他剤との飲み合わせガイド〜併用時の注意点と実践〜,他の薬との飲み合わせの良さ,208
耳鼻咽喉科,C05,朝から夜まで効果持続！24時間カバーの臨床エビデンス,24h持続性,234
耳鼻咽喉科,C06,花粉症治療2026年最新トレンドまとめ,効果発現速度,232
耳鼻咽喉科,C07,速く効いて長く続く〜薬剤Aの即効性×持続性〜,効果発現速度,259
耳鼻咽喉科,C08,患者さんの声から見る薬剤AのQOL改善効果,適用症状の広さ,174
耳鼻咽喉科,C09,多剤併用患者への処方設計〜実践的アプローチ〜,他の薬との飲み合わせの良さ,190
耳鼻咽喉科,C10,薬剤Aの長期投与における安全性と有効性,24h持続性,200
