群,面談回数,医師数,2025年Q1,2025年患者数,Q1変化,Q4変化,Q3_2変化,処方割合変化pt,既読本数
S1,0,705,1.371063829787234,7.49645390070922,0.13560283687943264,0.38156028368794326,0.24822695035460993,3.3400048497275487,
S1,1,29,1.3517241379310343,7.206896551724138,0.3241379310344828,0.6551724137931034,0.7586206896551724,10.220814520295619,
S1,2〜3,121,1.3421487603305784,7.115702479338843,0.7305785123966942,1.1570247933884297,1.4545454545454546,18.993955144643387,
S1,4以上,131,1.366412213740458,7.473282442748092,1.6412213740458015,2.404580152671756,3.404580152671756,40.325626025319586,
S2,0,248,1.3620967741935481,11.495967741935484,0.11935483870967743,0.3709677419354839,0.2782258064516129,4.606854450345703,
S2,1,13,1.4307692307692308,10.384615384615385,0.38461538461538464,0.5384615384615384,0.9230769230769231,11.626984126984127,
S2,2〜3,35,1.28,11.885714285714286,0.8,1.2,1.7142857142857142,21.528968642822143,
S2,4以上,50,1.368,11.16,1.5960000000000003,2.48,4.28,41.76216523505473,
S1・面談なし,,442,1.3805429864253391,7.635746606334842,0.06470588235294118,0.2579185520361991,0.08597285067873303,1.247114582290311,0
S1・面談なし,,92,1.365217391304348,6.967391304347826,0.10869565217391307,0.3695652173913043,0.18478260869565216,2.061576580710288,1
S1・面談なし,,62,1.3806451612903228,7.290322580645161,0.23870967741935487,0.5,0.3709677419354839,6.016440884116932,2
S1・面談なし,,109,1.3321100917431192,7.495412844036697,0.38715596330275237,0.8256880733944955,0.8899082568807339,11.366643352567465,3以上
