MR君の置き方,既読率の置き方,既読率(仮定値含む),因果とみなす割合φ(仮定値),シナリオ,対象医師数,面談対象医師数,追加の既読件数,面談回数,追加費用_全て追加(円),追加費用_面談を原資分再配分(円),追加処方患者数(仮定値シナリオ),1追加処方患者あたり費用_全て追加(円),1追加処方患者あたり費用_再配分(円)
基準(読者は平均2本・効果=既読あり),実測の既読率,0.45454545454545453,0.1,S1 MR君中心,290,0,104.63636363636363,0,41854.54545454545,41854.54545454545,9.173542557956592,4562.528073545946,4562.528073545946
基準(読者は平均2本・効果=既読あり),実測の既読率,0.45454545454545453,0.1,S2 MR君+面談(患者数12人以上に3回),290,106,104.63636363636363,318,3221854.5454545454,61854.54545454545,29.413245086023288,109537.54120063141,2102.948697895893
基準(読者は平均2本・効果=既読あり),実測の既読率,0.45454545454545453,0.1,S3 MR君+全員に面談3回,290,290,104.63636363636363,870,8741854.545454545,5581854.545454546,51.83022942646634,168663.24232380584,107694.96116882427
基準(読者は平均2本・効果=既読あり),実測の既読率,0.45454545454545453,0.25,S1 MR君中心,290,0,104.63636363636363,0,41854.54545454545,41854.54545454545,22.933856394891478,1825.011229418379,1825.011229418379
基準(読者は平均2本・効果=既読あり),実測の既読率,0.45454545454545453,0.25,S2 MR君+面談(患者数12人以上に3回),290,106,104.63636363636363,318,3221854.5454545454,61854.54545454545,73.53311271505821,43815.016480252576,841.1794791583574
基準(読者は平均2本・効果=既読あり),実測の既読率,0.45454545454545453,0.25,S3 MR君+全員に面談3回,290,290,104.63636363636363,870,8741854.545454545,5581854.545454546,129.57557356616584,67465.29692952234,43077.98446752971
基準(読者は平均2本・効果=既読あり),実測の既読率,0.45454545454545453,0.5,S1 MR君中心,290,0,104.63636363636363,0,41854.54545454545,41854.54545454545,45.867712789782956,912.5056147091894,912.5056147091894
基準(読者は平均2本・効果=既読あり),実測の既読率,0.45454545454545453,0.5,S2 MR君+面談(患者数12人以上に3回),290,106,104.63636363636363,318,3221854.5454545454,61854.54545454545,147.06622543011642,21907.508240126288,420.5897395791787
基準(読者は平均2本・効果=既読あり),実測の既読率,0.45454545454545453,0.5,S3 MR君+全員に面談3回,290,290,104.63636363636363,870,8741854.545454545,5581854.545454546,259.1511471323317,33732.64846476117,21538.992233764857
基準(読者は平均2本・効果=既読あり),実測の既読率,0.45454545454545453,1.0,S1 MR君中心,290,0,104.63636363636363,0,41854.54545454545,41854.54545454545,91.73542557956591,456.2528073545947,456.2528073545947
基準(読者は平均2本・効果=既読あり),実測の既読率,0.45454545454545453,1.0,S2 MR君+面談(患者数12人以上に3回),290,106,104.63636363636363,318,3221854.5454545454,61854.54545454545,294.13245086023284,10953.754120063144,210.29486978958934
基準(読者は平均2本・効果=既読あり),実測の既読率,0.45454545454545453,1.0,S3 MR君+全員に面談3回,290,290,104.63636363636363,870,8741854.545454545,5581854.545454546,518.3022942646634,16866.324232380586,10769.496116882428
基準(読者は平均2本・効果=既読あり),低め(仮定値),0.3,0.1,S1 MR君中心,290,0,15.0,0,6000.0,6000.0,6.05453808825135,990.9921966867828,990.9921966867828
基準(読者は平均2本・効果=既読あり),低め(仮定値),0.3,0.1,S2 MR君+面談(患者数12人以上に3回),290,106,15.0,318,3186000.0,26000.0,27.77414276730172,114711.01112617787,936.1225013435733
基準(読者は平均2本・効果=既読あり),低め(仮定値),0.3,0.1,S3 MR君+全員に面談3回,290,290,15.0,870,8706000.0,5546000.0,51.83022942646634,167971.4733339461,107003.19217896453
基準(読者は平均2本・効果=既読あり),低め(仮定値),0.3,0.25,S1 MR君中心,290,0,15.0,0,6000.0,6000.0,15.136345220628375,396.39687867471315,396.39687867471315
基準(読者は平均2本・効果=既読あり),低め(仮定値),0.3,0.25,S2 MR君+面談(患者数12人以上に3回),290,106,15.0,318,3186000.0,26000.0,69.43535691825429,45884.40445047116,374.44900053742936
基準(読者は平均2本・効果=既読あり),低め(仮定値),0.3,0.25,S3 MR君+全員に面談3回,290,290,15.0,870,8706000.0,5546000.0,129.57557356616584,67188.58933357845,42801.27687158581
基準(読者は平均2本・効果=既読あり),低め(仮定値),0.3,0.5,S1 MR君中心,290,0,15.0,0,6000.0,6000.0,30.27269044125675,198.19843933735658,198.19843933735658
基準(読者は平均2本・効果=既読あり),低め(仮定値),0.3,0.5,S2 MR君+面談(患者数12人以上に3回),290,106,15.0,318,3186000.0,26000.0,138.87071383650857,22942.20222523558,187.22450026871468
基準(読者は平均2本・効果=既読あり),低め(仮定値),0.3,0.5,S3 MR君+全員に面談3回,290,290,15.0,870,8706000.0,5546000.0,259.1511471323317,33594.294666789225,21400.638435792906
基準(読者は平均2本・効果=既読あり),低め(仮定値),0.3,1.0,S1 MR君中心,290,0,15.0,0,6000.0,6000.0,60.5453808825135,99.09921966867829,99.09921966867829
基準(読者は平均2本・効果=既読あり),低め(仮定値),0.3,1.0,S2 MR君+面談(患者数12人以上に3回),290,106,15.0,318,3186000.0,26000.0,277.74142767301714,11471.10111261779,93.61225013435734
基準(読者は平均2本・効果=既読あり),低め(仮定値),0.3,1.0,S3 MR君+全員に面談3回,290,290,15.0,870,8706000.0,5546000.0,518.3022942646634,16797.147333394612,10700.319217896453
基準(読者は平均2本・効果=既読あり),高め(仮定値),0.6,0.1,S1 MR君中心,290,0,189.0,0,75600.0,75600.0,12.1090761765027,6243.250839126732,6243.250839126732
基準(読者は平均2本・効果=既読あり),高め(仮定値),0.6,0.1,S2 MR君+面談(患者数12人以上に3回),290,106,189.0,318,3255600.0,95600.0,30.955929621290647,105168.86553976679,3088.2613176071095
基準(読者は平均2本・効果=既読あり),高め(仮定値),0.6,0.1,S3 MR君+全員に面談3回,290,290,189.0,870,8775600.0,5615600.0,51.83022942646634,169314.31902014444,108346.03786516286
基準(読者は平均2本・効果=既読あり),高め(仮定値),0.6,0.25,S1 MR君中心,290,0,189.0,0,75600.0,75600.0,30.27269044125675,2497.300335650693,2497.300335650693
基準(読者は平均2本・効果=既読あり),高め(仮定値),0.6,0.25,S2 MR君+面談(患者数12人以上に3回),290,106,189.0,318,3255600.0,95600.0,77.38982405322662,42067.54621590672,1235.3045270428438
基準(読者は平均2本・効果=既読あり),高め(仮定値),0.6,0.25,S3 MR君+全員に面談3回,290,290,189.0,870,8775600.0,5615600.0,129.57557356616584,67725.72760805779,43338.41514606514
基準(読者は平均2本・効果=既読あり),高め(仮定値),0.6,0.5,S1 MR君中心,290,0,189.0,0,75600.0,75600.0,60.5453808825135,1248.6501678253464,1248.6501678253464
基準(読者は平均2本・効果=既読あり),高め(仮定値),0.6,0.5,S2 MR君+面談(患者数12人以上に3回),290,106,189.0,318,3255600.0,95600.0,154.77964810645324,21033.77310795336,617.6522635214219
基準(読者は平均2本・効果=既読あり),高め(仮定値),0.6,0.5,S3 MR君+全員に面談3回,290,290,189.0,870,8775600.0,5615600.0,259.1511471323317,33862.86380402889,21669.20757303257
基準(読者は平均2本・効果=既読あり),高め(仮定値),0.6,1.0,S1 MR君中心,290,0,189.0,0,75600.0,75600.0,121.090761765027,624.3250839126732,624.3250839126732
基準(読者は平均2本・効果=既読あり),高め(仮定値),0.6,1.0,S2 MR君+面談(患者数12人以上に3回),290,106,189.0,318,3255600.0,95600.0,309.5592962129065,10516.88655397668,308.82613176071095
基準(読者は平均2本・効果=既読あり),高め(仮定値),0.6,1.0,S3 MR君+全員に面談3回,290,290,189.0,870,8775600.0,5615600.0,518.3022942646634,16931.431902014447,10834.603786516285
感度(読者3本・効果=既読3本以上),実測の既読率,0.45454545454545453,0.1,S1 MR君中心,290,0,236.45454545454544,0,94581.81818181818,94581.81818181818,15.229890799267118,6210.275531743772,6210.275531743772
感度(読者3本・効果=既読3本以上),実測の既読率,0.45454545454545453,0.1,S2 MR君+面談(患者数12人以上に3回),290,106,236.45454545454544,318,3274581.8181818184,114581.81818181818,32.59598321344108,100459.67310571972,3515.212823357018
感度(読者3本・効果=既読3本以上),実測の既読率,0.45454545454545453,0.1,S3 MR君+全員に面談3回,290,290,236.45454545454544,870,8794581.818181818,5634581.818181818,51.83022942646634,169680.5496618349,108712.26850685332
感度(読者3本・効果=既読3本以上),実測の既読率,0.45454545454545453,0.25,S1 MR君中心,290,0,236.45454545454544,0,94581.81818181818,94581.81818181818,38.07472699816779,2484.110212697509,2484.110212697509
感度(読者3本・効果=既読3本以上),実測の既読率,0.45454545454545453,0.25,S2 MR君+面談(患者数12人以上に3回),290,106,236.45454545454544,318,3274581.8181818184,114581.81818181818,81.4899580336027,40183.86924228789,1406.085129342807
感度(読者3本・効果=既読3本以上),実測の既読率,0.45454545454545453,0.25,S3 MR君+全員に面談3回,290,290,236.45454545454544,870,8794581.818181818,5634581.818181818,129.57557356616584,67872.21986473397,43484.90740274132
感度(読者3本・効果=既読3本以上),実測の既読率,0.45454545454545453,0.5,S1 MR君中心,290,0,236.45454545454544,0,94581.81818181818,94581.81818181818,76.14945399633558,1242.0551063487544,1242.0551063487544
感度(読者3本・効果=既読3本以上),実測の既読率,0.45454545454545453,0.5,S2 MR君+面談(患者数12人以上に3回),290,106,236.45454545454544,318,3274581.8181818184,114581.81818181818,162.9799160672054,20091.934621143944,703.0425646714035
感度(読者3本・効果=既読3本以上),実測の既読率,0.45454545454545453,0.5,S3 MR君+全員に面談3回,290,290,236.45454545454544,870,8794581.818181818,5634581.818181818,259.1511471323317,33936.109932366984,21742.45370137066
感度(読者3本・効果=既読3本以上),実測の既読率,0.45454545454545453,1.0,S1 MR君中心,290,0,236.45454545454544,0,94581.81818181818,94581.81818181818,152.29890799267116,621.0275531743772,621.0275531743772
感度(読者3本・効果=既読3本以上),実測の既読率,0.45454545454545453,1.0,S2 MR君+面談(患者数12人以上に3回),290,106,236.45454545454544,318,3274581.8181818184,114581.81818181818,325.9598321344108,10045.967310571972,351.52128233570176
感度(読者3本・効果=既読3本以上),実測の既読率,0.45454545454545453,1.0,S3 MR君+全員に面談3回,290,290,236.45454545454544,870,8794581.818181818,5634581.818181818,518.3022942646634,16968.054966183492,10871.22685068533
感度(読者3本・効果=既読3本以上),低め(仮定値),0.3,0.1,S1 MR君中心,290,0,102.0,0,40800.0,40800.0,10.051727927516298,4059.003615518805,4059.003615518805
感度(読者3本・効果=既読3本以上),低め(仮定値),0.3,0.1,S2 MR君+面談(患者数12人以上に3回),290,106,102.0,318,3220800.0,60800.0,29.87474993139746,107810.10744511828,2035.1634788447564
感度(読者3本・効果=既読3本以上),低め(仮定値),0.3,0.1,S3 MR君+全員に面談3回,290,290,102.0,870,8740800.0,5580800.0,51.83022942646634,168642.89617704527,107674.61502206369
感度(読者3本・効果=既読3本以上),低め(仮定値),0.3,0.25,S1 MR君中心,290,0,102.0,0,40800.0,40800.0,25.129319818790744,1623.601446207522,1623.601446207522
感度(読者3本・効果=既読3本以上),低め(仮定値),0.3,0.25,S2 MR君+面談(患者数12人以上に3回),290,106,102.0,318,3220800.0,60800.0,74.68687482849364,43124.04297804731,814.0653915379027
感度(読者3本・効果=既読3本以上),低め(仮定値),0.3,0.25,S3 MR君+全員に面談3回,290,290,102.0,870,8740800.0,5580800.0,129.57557356616584,67457.15847081812,43069.84600882548
感度(読者3本・効果=既読3本以上),低め(仮定値),0.3,0.5,S1 MR君中心,290,0,102.0,0,40800.0,40800.0,50.25863963758149,811.800723103761,811.800723103761
感度(読者3本・効果=既読3本以上),低め(仮定値),0.3,0.5,S2 MR君+面談(患者数12人以上に3回),290,106,102.0,318,3220800.0,60800.0,149.3737496569873,21562.021489023657,407.0326957689513
感度(読者3本・効果=既読3本以上),低め(仮定値),0.3,0.5,S3 MR君+全員に面談3回,290,290,102.0,870,8740800.0,5580800.0,259.1511471323317,33728.57923540906,21534.92300441274
感度(読者3本・効果=既読3本以上),低め(仮定値),0.3,1.0,S1 MR君中心,290,0,102.0,0,40800.0,40800.0,100.51727927516298,405.9003615518805,405.9003615518805
感度(読者3本・効果=既読3本以上),低め(仮定値),0.3,1.0,S2 MR君+面談(患者数12人以上に3回),290,106,102.0,318,3220800.0,60800.0,298.7474993139746,10781.010744511828,203.51634788447566
感度(読者3本・効果=既読3本以上),低め(仮定値),0.3,1.0,S3 MR君+全員に面談3回,290,290,102.0,870,8740800.0,5580800.0,518.3022942646634,16864.28961770453,10767.46150220637
感度(読者3本・効果=既読3本以上),高め(仮定値),0.6,0.1,S1 MR君中心,290,0,363.0,0,145200.0,145200.0,20.103455855032596,7222.638786437874,7222.638786437874
感度(読者3本・効果=既読3本以上),高め(仮定値),0.6,0.1,S2 MR君+面談(患者数12人以上に3回),290,106,363.0,318,3325200.0,165200.0,35.15714394948213,94581.06166923097,4698.902739010272
感度(読者3本・効果=既読3本以上),高め(仮定値),0.6,0.1,S3 MR君+全員に面談3回,290,290,363.0,870,8845200.0,5685200.0,51.83022942646634,170657.16470634277,109688.88355136118
感度(読者3本・効果=既読3本以上),高め(仮定値),0.6,0.25,S1 MR君中心,290,0,363.0,0,145200.0,145200.0,50.25863963758149,2889.0555145751496,2889.0555145751496
感度(読者3本・効果=既読3本以上),高め(仮定値),0.6,0.25,S2 MR君+面談(患者数12人以上に3回),290,106,363.0,318,3325200.0,165200.0,87.89285987370533,37832.42466769239,1879.5610956041087
感度(読者3本・効果=既読3本以上),高め(仮定値),0.6,0.25,S3 MR君+全員に面談3回,290,290,363.0,870,8845200.0,5685200.0,129.57557356616584,68262.86588253711,43875.55342054448
感度(読者3本・効果=既読3本以上),高め(仮定値),0.6,0.5,S1 MR君中心,290,0,363.0,0,145200.0,145200.0,100.51727927516298,1444.5277572875748,1444.5277572875748
感度(読者3本・効果=既読3本以上),高め(仮定値),0.6,0.5,S2 MR君+面談(患者数12人以上に3回),290,106,363.0,318,3325200.0,165200.0,175.78571974741067,18916.212333846193,939.7805478020543
感度(読者3本・効果=既読3本以上),高め(仮定値),0.6,0.5,S3 MR君+全員に面談3回,290,290,363.0,870,8845200.0,5685200.0,259.1511471323317,34131.432941268555,21937.77671027224
感度(読者3本・効果=既読3本以上),高め(仮定値),0.6,1.0,S1 MR君中心,290,0,363.0,0,145200.0,145200.0,201.03455855032595,722.2638786437874,722.2638786437874
感度(読者3本・効果=既読3本以上),高め(仮定値),0.6,1.0,S2 MR君+面談(患者数12人以上に3回),290,106,363.0,318,3325200.0,165200.0,351.57143949482133,9458.106166923097,469.8902739010272
感度(読者3本・効果=既読3本以上),高め(仮定値),0.6,1.0,S3 MR君+全員に面談3回,290,290,363.0,870,8845200.0,5685200.0,518.3022942646634,17065.716470634277,10968.88835513612
