指標,観測SD(面談なし・2025低低の両年回答),1群あたり医師数,検出できる最小差(80%検出力・5%水準・2群)
処方割合の変化(個人),0.1427430105878417,48,0.08158442606741205
処方割合の変化(個人),0.1427430105878417,72,0.06661340494099278
処方割合の変化(個人),0.1427430105878417,97,0.057390765060831496
処方割合の変化(個人),0.1427430105878417,145,0.04694008592648594
Q4の変化,0.8345864208546167,48,0.47700587138155187
Q4の変化,0.8345864208546167,72,0.3894736630654877
Q4の変化,0.8345864208546167,97,0.3355509527575235
Q4の変化,0.8345864208546167,145,0.2744481719046136
Q1平均の変化,0.32350260114330787,48,0.1848971374283157
Q1平均の変化,0.32350260114330787,72,0.15096788053354365
Q1平均の変化,0.32350260114330787,97,0.1300663458219428
Q1平均の変化,0.32350260114330787,145,0.10638167033589244
処方患者数Q3_2の変化,1.2508862106749508,48,0.7149410199020154
処方患者数Q3_2の変化,1.2508862106749508,72,0.583746898314977
処方患者数Q3_2の変化,1.2508862106749508,97,0.5029270178556442
処方患者数Q3_2の変化,1.2508862106749508,145,0.4113455781234577
