診療科,特性,診療科医師数,1位に選んだ医師数,1位の割合,重視(順位を付けた)医師数,重視の割合
内科,効果発現速度,2072,92,0.0444015444015444,558,0.2693050193050193
内科,適用症状の広さ,2072,0,0.0,1249,0.6027992277992278
内科,副作用の少なさ,2072,526,0.25386100386100385,686,0.3310810810810811
内科,他の薬との飲み合わせの良さ,2072,1155,0.5574324324324325,1338,0.6457528957528957
内科,24h持続性,2072,299,0.1443050193050193,871,0.4203667953667954
耳鼻咽喉科,効果発現速度,1214,208,0.171334431630972,846,0.6968698517298187
耳鼻咽喉科,適用症状の広さ,1214,0,0.0,269,0.2215815485996705
耳鼻咽喉科,副作用の少なさ,1214,278,0.22899505766062603,380,0.3130148270181219
耳鼻咽喉科,他の薬との飲み合わせの良さ,1214,133,0.10955518945634267,299,0.24629324546952225
耳鼻咽喉科,24h持続性,1214,595,0.4901153212520593,921,0.7586490939044481
小児科,効果発現速度,1232,84,0.06818181818181818,393,0.3189935064935065
小児科,適用症状の広さ,1232,0,0.0,370,0.3003246753246753
小児科,副作用の少なさ,1232,795,0.6452922077922078,835,0.6777597402597403
小児科,他の薬との飲み合わせの良さ,1232,122,0.09902597402597403,388,0.31493506493506496
小児科,24h持続性,1232,231,0.1875,562,0.45616883116883117
眼科,効果発現速度,482,56,0.11618257261410789,234,0.4854771784232365
眼科,適用症状の広さ,482,0,0.0,132,0.27385892116182575
眼科,副作用の少なさ,482,242,0.5020746887966805,260,0.5394190871369294
眼科,他の薬との飲み合わせの良さ,482,41,0.08506224066390042,128,0.26556016597510373
眼科,24h持続性,482,143,0.2966804979253112,282,0.5850622406639004
