診療科,特性,対象,医師数,低(1-2) 人数,中(3) 人数,高(4-5) 人数,低(1-2) 割合,中(3) 割合,高(4-5) 割合
内科,効果発現速度,重視している医師(順位あり),558,303,148,107,0.543010752688172,0.26523297491039427,0.1917562724014337
内科,効果発現速度,1位に選んだ医師,92,50,30,12,0.5434782608695652,0.32608695652173914,0.13043478260869565
内科,適用症状の広さ,重視している医師(順位あり),1249,667,355,227,0.5340272217774219,0.28422738190552443,0.18174539631705364
内科,適用症状の広さ,1位に選んだ医師,0,0,0,0,,,
内科,副作用の少なさ,重視している医師(順位あり),686,378,182,126,0.5510204081632653,0.2653061224489796,0.1836734693877551
内科,副作用の少なさ,1位に選んだ医師,526,283,143,100,0.5380228136882129,0.2718631178707224,0.19011406844106463
内科,他の薬との飲み合わせの良さ,重視している医師(順位あり),1338,698,381,259,0.5216741405082213,0.28475336322869954,0.19357249626307924
内科,他の薬との飲み合わせの良さ,1位に選んだ医師,1155,600,329,226,0.5194805194805194,0.28484848484848485,0.19567099567099566
内科,24h持続性,重視している医師(順位あり),871,459,225,187,0.5269804822043628,0.25832376578645233,0.21469575200918484
内科,24h持続性,1位に選んだ医師,299,168,74,57,0.5618729096989966,0.24749163879598662,0.19063545150501673
耳鼻咽喉科,効果発現速度,重視している医師(順位あり),846,295,242,309,0.3486997635933806,0.2860520094562648,0.36524822695035464
耳鼻咽喉科,効果発現速度,1位に選んだ医師,208,66,63,79,0.3173076923076923,0.30288461538461536,0.3798076923076923
耳鼻咽喉科,適用症状の広さ,重視している医師(順位あり),269,85,89,95,0.3159851301115242,0.3308550185873606,0.35315985130111527
耳鼻咽喉科,適用症状の広さ,1位に選んだ医師,0,0,0,0,,,
耳鼻咽喉科,副作用の少なさ,重視している医師(順位あり),380,143,105,132,0.3763157894736842,0.27631578947368424,0.3473684210526316
耳鼻咽喉科,副作用の少なさ,1位に選んだ医師,278,106,77,95,0.381294964028777,0.27697841726618705,0.34172661870503596
耳鼻咽喉科,他の薬との飲み合わせの良さ,重視している医師(順位あり),299,97,97,105,0.32441471571906355,0.32441471571906355,0.3511705685618729
耳鼻咽喉科,他の薬との飲み合わせの良さ,1位に選んだ医師,133,32,51,50,0.24060150375939848,0.38345864661654133,0.37593984962406013
耳鼻咽喉科,24h持続性,重視している医師(順位あり),921,297,283,341,0.32247557003257327,0.30727470141150925,0.3702497285559175
耳鼻咽喉科,24h持続性,1位に選んだ医師,595,190,174,231,0.31932773109243695,0.292436974789916,0.38823529411764707
小児科,効果発現速度,重視している医師(順位あり),393,243,101,49,0.6183206106870229,0.25699745547073793,0.12468193384223919
小児科,効果発現速度,1位に選んだ医師,84,53,22,9,0.6309523809523809,0.2619047619047619,0.10714285714285714
小児科,適用症状の広さ,重視している医師(順位あり),370,234,98,38,0.6324324324324324,0.2648648648648649,0.10270270270270271
小児科,適用症状の広さ,1位に選んだ医師,0,0,0,0,,,
小児科,副作用の少なさ,重視している医師(順位あり),835,538,197,100,0.644311377245509,0.23592814371257484,0.11976047904191617
小児科,副作用の少なさ,1位に選んだ医師,795,511,191,93,0.6427672955974842,0.24025157232704403,0.1169811320754717
小児科,他の薬との飲み合わせの良さ,重視している医師(順位あり),388,235,104,49,0.6056701030927835,0.26804123711340205,0.12628865979381443
小児科,他の薬との飲み合わせの良さ,1位に選んだ医師,122,73,31,18,0.5983606557377049,0.2540983606557377,0.14754098360655737
小児科,24h持続性,重視している医師(順位あり),562,347,141,74,0.6174377224199288,0.2508896797153025,0.13167259786476868
小児科,24h持続性,1位に選んだ医師,231,133,62,36,0.5757575757575758,0.2683982683982684,0.15584415584415584
眼科,効果発現速度,重視している医師(順位あり),234,161,48,25,0.688034188034188,0.20512820512820512,0.10683760683760683
眼科,効果発現速度,1位に選んだ医師,56,40,10,6,0.7142857142857143,0.17857142857142858,0.10714285714285714
眼科,適用症状の広さ,重視している医師(順位あり),132,95,32,5,0.7196969696969697,0.24242424242424243,0.03787878787878788
眼科,適用症状の広さ,1位に選んだ医師,0,0,0,0,,,
眼科,副作用の少なさ,重視している医師(順位あり),260,197,44,19,0.7576923076923077,0.16923076923076924,0.07307692307692308
眼科,副作用の少なさ,1位に選んだ医師,242,184,41,17,0.7603305785123967,0.16942148760330578,0.07024793388429752
眼科,他の薬との飲み合わせの良さ,重視している医師(順位あり),128,90,32,6,0.703125,0.25,0.046875
眼科,他の薬との飲み合わせの良さ,1位に選んだ医師,41,32,7,2,0.7804878048780488,0.17073170731707318,0.04878048780487805
眼科,24h持続性,重視している医師(順位あり),282,195,60,27,0.6914893617021277,0.2127659574468085,0.09574468085106383
眼科,24h持続性,1位に選んだ医師,143,94,35,14,0.6573426573426573,0.24475524475524477,0.0979020979020979
