診療科,特性,医師数,花粉症患者数合計,薬剤A処方患者数合計,潜在未処方患者数合計,薬剤A処方割合,平均Q4,診療科の潜在未処方に占める割合
内科,(診療科全体),2072,13380,3842,9538,0.28714499252615844,2.988899613899614,1.0
内科,効果発現速度,50,321,38,283,0.11838006230529595,2.0,0.02967079052212204
内科,適用症状の広さ,0,0,0,0,,,0.0
内科,副作用の少なさ,283,1772,230,1542,0.12979683972911965,2.0176678445229683,0.1616691130215978
内科,他の薬との飲み合わせの良さ,600,3953,537,3416,0.1358461927649886,2.0866666666666664,0.3581463619207381
内科,24h持続性,168,1129,193,936,0.17094774136403898,2.1011904761904763,0.09813378066680646
耳鼻咽喉科,(診療科全体),1214,14148,6020,8128,0.42550183771557815,3.7257001647446457,1.0
耳鼻咽喉科,効果発現速度,66,746,156,590,0.20911528150134048,2.4242424242424243,0.07258858267716535
耳鼻咽喉科,適用症状の広さ,0,0,0,0,,,0.0
耳鼻咽喉科,副作用の少なさ,106,1256,214,1042,0.17038216560509553,2.150943396226415,0.1281988188976378
耳鼻咽喉科,他の薬との飲み合わせの良さ,32,380,71,309,0.1868421052631579,2.59375,0.03801673228346457
耳鼻咽喉科,24h持続性,190,2136,479,1657,0.224250936329588,2.4947368421052634,0.20386318897637795
小児科,(診療科全体),1232,5165,1177,3988,0.22787996127783156,2.675324675324675,1.0
小児科,効果発現速度,53,216,33,183,0.1527777777777778,2.018867924528302,0.045887662988966904
小児科,適用症状の広さ,0,0,0,0,,,0.0
小児科,副作用の少なさ,511,2134,207,1927,0.09700093720712277,1.8767123287671232,0.4831995987963892
小児科,他の薬との飲み合わせの良さ,73,318,29,289,0.09119496855345911,1.7671232876712328,0.07246740220661986
小児科,24h持続性,133,544,64,480,0.11764705882352941,2.030075187969925,0.12036108324974924
眼科,(診療科全体),482,1521,241,1280,0.15844838921762,2.3941908713692945,1.0
眼科,効果発現速度,40,130,8,122,0.06153846153846154,1.95,0.0953125
眼科,適用症状の広さ,0,0,0,0,,,0.0
眼科,副作用の少なさ,184,627,44,583,0.07017543859649122,1.7119565217391304,0.45546875
眼科,他の薬との飲み合わせの良さ,32,84,7,77,0.08333333333333333,2.0625,0.06015625
眼科,24h持続性,94,307,34,273,0.11074918566775244,1.872340425531915,0.21328125
