診療科,特性,低群n,高群n,Q4差(低−高),Q4差 95%区間,処方割合差(低−高),処方割合差 95%区間,少数注意
内科,効果発現速度,50,12,-2.75,"[-3.06, -2.42]",-0.4660355221102884,"[-0.562, -0.374]",True
内科,適用症状の広さ,0,0,,,,,True
内科,副作用の少なさ,283,100,-2.6523321554770316,"[-2.81, -2.50]",-0.4336472690322097,"[-0.468, -0.399]",False
内科,他の薬との飲み合わせの良さ,600,226,-2.431032448377581,"[-2.54, -2.32]",-0.39206234792095623,"[-0.417, -0.367]",False
内科,24h持続性,168,57,-2.6356516290726812,"[-2.84, -2.43]",-0.4398477131814156,"[-0.487, -0.390]",False
耳鼻咽喉科,効果発現速度,66,79,-2.3479094744917526,"[-2.64, -2.05]",-0.38799903592374274,"[-0.444, -0.333]",False
耳鼻咽喉科,適用症状の広さ,0,0,,,,,True
耳鼻咽喉科,副作用の少なさ,106,95,-2.564846077457795,"[-2.77, -2.34]",-0.4055895658436677,"[-0.443, -0.366]",False
耳鼻咽喉科,他の薬との飲み合わせの良さ,32,50,-2.0462499999999997,"[-2.40, -1.68]",-0.35845096756099837,"[-0.422, -0.289]",False
耳鼻咽喉科,24h持続性,190,231,-2.3753930280246065,"[-2.53, -2.22]",-0.4076212776377225,"[-0.438, -0.380]",False
小児科,効果発現速度,53,9,-2.647798742138365,"[-3.02, -2.24]",-0.46260683760683763,"[-0.590, -0.377]",True
小児科,適用症状の広さ,0,0,,,,,True
小児科,副作用の少なさ,511,93,-2.7576962733834147,"[-2.89, -2.61]",-0.4515554932390714,"[-0.491, -0.407]",False
小児科,他の薬との飲み合わせの良さ,73,18,-2.7884322678843225,"[-3.08, -2.46]",-0.4610438374166902,"[-0.546, -0.376]",True
小児科,24h持続性,133,36,-2.7754803675856303,"[-2.99, -2.53]",-0.4284055727554179,"[-0.489, -0.366]",False
眼科,効果発現速度,40,6,-2.883333333333333,"[-3.25, -2.43]",-0.5384615384615384,"[-0.812, -0.229]",True
眼科,適用症状の広さ,0,0,,,,,True
眼科,副作用の少なさ,184,17,-2.8762787723785164,"[-3.18, -2.55]",-0.4382991376746952,"[-0.550, -0.320]",True
眼科,他の薬との飲み合わせの良さ,32,2,,,,,True
眼科,24h持続性,94,14,-2.9133738601823707,"[-3.19, -2.62]",-0.47748610844989464,"[-0.585, -0.383]",True
