診療科,特性,理解度,医師数,平均患者数,処方割合,平均Q4,平均潜在未処方患者数,潜在未処方患者数合計,少数注意(n<30)
内科,効果発現速度,低(1-2),50,6.42,0.11838006230529595,2.0,5.66,283,False
内科,効果発現速度,中(3),30,6.333333333333333,0.4421052631578947,4.1,3.533333333333333,106,False
内科,効果発現速度,高(4-5),12,6.416666666666667,0.5844155844155844,4.75,2.6666666666666665,32,True
内科,適用症状の広さ,低(1-2),0,,,,,0,True
内科,適用症状の広さ,中(3),0,,,,,0,True
内科,適用症状の広さ,高(4-5),0,,,,,0,True
内科,副作用の少なさ,低(1-2),283,6.261484098939929,0.12979683972911965,2.0176678445229683,5.448763250883392,1542,False
内科,副作用の少なさ,中(3),143,6.181818181818182,0.3914027149321267,3.5664335664335662,3.762237762237762,538,False
内科,副作用の少なさ,高(4-5),100,6.62,0.5634441087613293,4.67,2.89,289,False
内科,他の薬との飲み合わせの良さ,低(1-2),600,6.588333333333333,0.1358461927649886,2.0866666666666664,5.693333333333333,3416,False
内科,他の薬との飲み合わせの良さ,中(3),329,6.39209726443769,0.37660485021398005,3.5440729483282674,3.9848024316109423,1311,False
内科,他の薬との飲み合わせの良さ,高(4-5),226,6.579646017699115,0.5279085406859448,4.517699115044247,3.106194690265487,702,False
内科,24h持続性,低(1-2),168,6.720238095238095,0.17094774136403898,2.1011904761904763,5.571428571428571,936,False
内科,24h持続性,中(3),74,6.081081081081081,0.4533333333333333,4.094594594594595,3.324324324324324,246,False
内科,24h持続性,高(4-5),57,6.175438596491228,0.6107954545454546,4.7368421052631575,2.4035087719298245,137,False
耳鼻咽喉科,効果発現速度,低(1-2),66,11.303030303030303,0.20911528150134048,2.4242424242424243,8.93939393939394,590,False
耳鼻咽喉科,効果発現速度,中(3),63,12.714285714285714,0.47191011235955055,4.0,6.714285714285714,423,False
耳鼻咽喉科,効果発現速度,高(4-5),79,11.405063291139241,0.5971143174250833,4.772151898734177,4.594936708860759,363,False
耳鼻咽喉科,適用症状の広さ,低(1-2),0,,,,,0,True
耳鼻咽喉科,適用症状の広さ,中(3),0,,,,,0,True
耳鼻咽喉科,適用症状の広さ,高(4-5),0,,,,,0,True
耳鼻咽喉科,副作用の少なさ,低(1-2),106,11.849056603773585,0.17038216560509553,2.150943396226415,9.830188679245284,1042,False
耳鼻咽喉科,副作用の少なさ,中(3),77,12.077922077922079,0.42258064516129035,3.727272727272727,6.974025974025974,537,False
耳鼻咽喉科,副作用の少なさ,高(4-5),95,11.91578947368421,0.5759717314487632,4.71578947368421,5.052631578947368,480,False
耳鼻咽喉科,他の薬との飲み合わせの良さ,低(1-2),32,11.875,0.1868421052631579,2.59375,9.65625,309,False
耳鼻咽喉科,他の薬との飲み合わせの良さ,中(3),51,12.058823529411764,0.3983739837398374,3.4705882352941178,7.254901960784314,370,False
耳鼻咽喉科,他の薬との飲み合わせの良さ,高(4-5),50,11.26,0.5452930728241563,4.64,5.12,256,False
耳鼻咽喉科,24h持続性,低(1-2),190,11.242105263157894,0.224250936329588,2.4947368421052634,8.721052631578948,1657,False
耳鼻咽喉科,24h持続性,中(3),174,11.471264367816092,0.4438877755511022,3.9080459770114944,6.379310344827586,1110,False
耳鼻咽喉科,24h持続性,高(4-5),231,11.653679653679653,0.6318722139673105,4.87012987012987,4.29004329004329,991,False
小児科,効果発現速度,低(1-2),53,4.0754716981132075,0.1527777777777778,2.018867924528302,3.452830188679245,183,False
小児科,効果発現速度,中(3),22,3.727272727272727,0.47560975609756095,3.8181818181818183,1.9545454545454546,43,True
小児科,効果発現速度,高(4-5),9,5.777777777777778,0.6153846153846154,4.666666666666667,2.2222222222222223,20,True
小児科,適用症状の広さ,低(1-2),0,,,,,0,True
小児科,適用症状の広さ,中(3),0,,,,,0,True
小児科,適用症状の広さ,高(4-5),0,,,,,0,True
小児科,副作用の少なさ,低(1-2),511,4.176125244618396,0.09700093720712277,1.8767123287671232,3.771037181996086,1927,False
小児科,副作用の少なさ,中(3),191,4.277486910994765,0.36474908200734396,3.554973821989529,2.717277486910995,519,False
小児科,副作用の少なさ,高(4-5),93,4.096774193548387,0.5485564304461942,4.634408602150538,1.8494623655913978,172,False
小児科,他の薬との飲み合わせの良さ,低(1-2),73,4.3561643835616435,0.09119496855345911,1.7671232876712328,3.958904109589041,289,False
小児科,他の薬との飲み合わせの良さ,中(3),31,3.838709677419355,0.31932773109243695,3.2580645161290325,2.6129032258064515,81,False
小児科,他の薬との飲み合わせの良さ,高(4-5),18,3.7222222222222223,0.5522388059701493,4.555555555555555,1.6666666666666667,30,True
小児科,24h持続性,低(1-2),133,4.090225563909774,0.11764705882352941,2.030075187969925,3.6090225563909772,480,False
小児科,24h持続性,中(3),62,4.564516129032258,0.38162544169611307,3.8548387096774195,2.8225806451612905,175,False
小児科,24h持続性,高(4-5),36,4.222222222222222,0.5460526315789473,4.805555555555555,1.9166666666666667,69,False
眼科,効果発現速度,低(1-2),40,3.25,0.06153846153846154,1.95,3.05,122,False
眼科,効果発現速度,中(3),10,2.7,0.3333333333333333,3.5,1.8,18,True
眼科,効果発現速度,高(4-5),6,1.6666666666666667,0.6,4.833333333333333,0.6666666666666666,4,True
眼科,適用症状の広さ,低(1-2),0,,,,,0,True
眼科,適用症状の広さ,中(3),0,,,,,0,True
眼科,適用症状の広さ,高(4-5),0,,,,,0,True
眼科,副作用の少なさ,低(1-2),184,3.407608695652174,0.07017543859649122,1.7119565217391304,3.1684782608695654,583,False
眼科,副作用の少なさ,中(3),41,3.073170731707317,0.3333333333333333,3.6341463414634148,2.048780487804878,84,False
眼科,副作用の少なさ,高(4-5),17,3.4705882352941178,0.5084745762711864,4.588235294117647,1.7058823529411764,29,True
眼科,他の薬との飲み合わせの良さ,低(1-2),32,2.625,0.08333333333333333,2.0625,2.40625,77,False
眼科,他の薬との飲み合わせの良さ,中(3),7,3.5714285714285716,0.32,3.2857142857142856,2.4285714285714284,17,True
眼科,他の薬との飲み合わせの良さ,高(4-5),2,2.0,0.5,5.0,1.0,2,True
眼科,24h持続性,低(1-2),94,3.265957446808511,0.11074918566775244,1.872340425531915,2.904255319148936,273,False
眼科,24h持続性,中(3),35,2.5142857142857142,0.3522727272727273,3.657142857142857,1.6285714285714286,57,False
眼科,24h持続性,高(4-5),14,2.4285714285714284,0.5882352941176471,4.785714285714286,1.0,14,True
