診療科,特性,ギャップ群n,他4特性の平均理解度(ギャップ群),他4特性の平均も2以下の割合,5特性すべて理解度2以下の割合,当該特性だけ低い(他4特性平均が3以上)割合
内科,効果発現速度,50,1.64,0.82,0.76,0.04
内科,適用症状の広さ,0,,,,
内科,副作用の少なさ,283,1.7720848056537102,0.7067137809187279,0.6219081272084805,0.053003533568904596
内科,他の薬との飲み合わせの良さ,600,1.8033333333333332,0.6983333333333334,0.615,0.06166666666666667
内科,24h持続性,168,1.6354166666666667,0.7559523809523809,0.6904761904761905,0.03571428571428571
耳鼻咽喉科,効果発現速度,66,1.9242424242424243,0.5757575757575758,0.5,0.12121212121212122
耳鼻咽喉科,適用症状の広さ,0,,,,
耳鼻咽喉科,副作用の少なさ,106,1.9339622641509433,0.6415094339622641,0.5377358490566038,0.07547169811320754
耳鼻咽喉科,他の薬との飲み合わせの良さ,32,2.078125,0.625,0.53125,0.21875
耳鼻咽喉科,24h持続性,190,1.8921052631578947,0.6526315789473685,0.531578947368421,0.06842105263157895
小児科,効果発現速度,53,1.6839622641509433,0.7735849056603774,0.6037735849056604,0.05660377358490566
小児科,適用症状の広さ,0,,,,
小児科,副作用の少なさ,511,1.6756360078277885,0.7455968688845401,0.6673189823874756,0.05283757338551859
小児科,他の薬との飲み合わせの良さ,73,1.5376712328767124,0.821917808219178,0.7671232876712328,0.0136986301369863
小児科,24h持続性,133,1.5977443609022557,0.8120300751879699,0.7368421052631579,0.05263157894736842
眼科,効果発現速度,40,1.525,0.825,0.75,0.0
眼科,適用症状の広さ,0,,,,
眼科,副作用の少なさ,184,1.5543478260869565,0.7989130434782609,0.7119565217391305,0.021739130434782608
眼科,他の薬との飲み合わせの良さ,32,1.6953125,0.6875,0.625,0.0
眼科,24h持続性,94,1.550531914893617,0.8297872340425532,0.776595744680851,0.02127659574468085
