診療科,特性,①Importance 1位率,②Gap 1位選択者の低理解度率,②Gap ギャップ群医師数,③Potential ギャップ群の潜在未処方患者数,③Potential 診療科の潜在未処方に占める割合,④Association Q4差(低−高),④Association 処方割合差(低−高),低群n,高群n,①Importance 1位率_順位,②Gap ギャップ群医師数_順位,③Potential ギャップ群の潜在未処方患者数_順位,④Association Q4差(低−高)_順位,④Association 処方割合差(低−高)_順位
内科,効果発現速度,0.0444015444015444,0.5434782608695652,50,283,0.02967079052212204,-2.75,-0.4660355221102884,50,12,4,4,4,1.0,1.0
内科,適用症状の広さ,0.0,,0,0,0.0,,,0,0,5,5,5,,
内科,副作用の少なさ,0.25386100386100385,0.5380228136882129,283,1542,0.1616691130215978,-2.6523321554770316,-0.4336472690322097,283,100,2,2,2,2.0,3.0
内科,他の薬との飲み合わせの良さ,0.5574324324324325,0.5194805194805194,600,3416,0.3581463619207381,-2.431032448377581,-0.39206234792095623,600,226,1,1,1,4.0,4.0
内科,24h持続性,0.1443050193050193,0.5618729096989966,168,936,0.09813378066680646,-2.6356516290726812,-0.4398477131814156,168,57,3,3,3,3.0,2.0
耳鼻咽喉科,効果発現速度,0.171334431630972,0.3173076923076923,66,590,0.07258858267716535,-2.3479094744917526,-0.38799903592374274,66,79,3,3,3,3.0,3.0
耳鼻咽喉科,適用症状の広さ,0.0,,0,0,0.0,,,0,0,5,5,5,,
耳鼻咽喉科,副作用の少なさ,0.22899505766062603,0.381294964028777,106,1042,0.1281988188976378,-2.564846077457795,-0.4055895658436677,106,95,2,2,2,1.0,2.0
耳鼻咽喉科,他の薬との飲み合わせの良さ,0.10955518945634267,0.24060150375939848,32,309,0.03801673228346457,-2.0462499999999997,-0.35845096756099837,32,50,4,4,4,4.0,4.0
耳鼻咽喉科,24h持続性,0.4901153212520593,0.31932773109243695,190,1657,0.20386318897637795,-2.3753930280246065,-0.4076212776377225,190,231,1,1,1,2.0,1.0
