項目,調整した差,下限,上限
理解度(5特性平均),-1.670162832006634,-1.7548006088960915,-1.5855250551171765
理解度:効果発現速度,-1.6829898501902925,-1.7859274624527217,-1.5800522379278632
理解度:適用症状の広さ,-1.660924252678118,-1.7648798635313594,-1.5569686418248767
理解度:副作用の少なさ,-1.6703054433001345,-1.774097769351198,-1.5665131172490712
理解度:飲み合わせ,-1.5778803474231338,-1.6813841745102427,-1.4743765203360248
理解度:24h持続性,-1.7587142664414768,-1.8582793295671152,-1.6591492033158384
処方意向(平均),-2.0922296196850003,-2.1928572308775336,-1.9916020084924668
処方意向4以上の割合,-0.7178035875642859,-0.7539382750996271,-0.6816689000289446
MR面談ありの割合,-0.3477456305408533,-0.39660608368750533,-0.29888517739420123
面談回数(平均),-1.826461928292874,-2.055328574618328,-1.5975952819674202
MR君配信率,-0.015374907606048135,-0.06758447622566549,0.03683466101356922
MR君既読(1人あたり/年),-0.3232617464860104,-0.46630809487350705,-0.18021539809851378
情報源:MR対面,-0.3448708679190295,-0.3935871142300036,-0.2961546216080554
情報源:MR君,0.0588051376519061,0.011371098494585487,0.1062391768092267
情報源:学会・論文,0.13625393118039533,0.0931644401744243,0.17934342218636637
情報源:同僚,0.03795748484668085,0.007065533747597896,0.0688494359457638
情報源:その他,0.11185431424004748,0.07157031176745891,0.15213831671263606
最重視:効果発現速度,-0.021339380484865795,-0.05919015237974666,0.016511391410015074
最重視:適用症状の広さ,0.0,0.0,0.0
最重視:副作用の少なさ,0.05017163609830237,0.0019284913552488347,0.09841478084135591
最重視:飲み合わせ,0.04017981555186594,-0.0024367087385350344,0.08279633984226692
最重視:24h持続性,-0.06901207116530261,-0.11982289471571739,-0.01820124761488784
処方率,-0.46107708018391375,-0.47336033675854056,-0.44879382360928693
花粉症患者(平均),0.3305404057959982,0.2063634585151867,0.4547173530768097
