診療科,テーマ,重点医師が最重視する割合,10本に占める本数,配信に占める割合(10本一律),重点医師の既読に占める割合
内科,効果発現速度,0.04794520547945205,3,0.3,0.31216931216931215
内科,適用症状の広さ,0.0,2,0.2,0.164021164021164
内科,副作用の少なさ,0.2226027397260274,1,0.1,0.10052910052910052
内科,飲み合わせ,0.5787671232876712,2,0.2,0.20634920634920634
内科,24h持続性,0.1506849315068493,2,0.2,0.21693121693121692
耳鼻咽喉科,効果発現速度,0.15892420537897312,3,0.3,0.3157894736842105
耳鼻咽喉科,適用症状の広さ,0.0,2,0.2,0.15789473684210525
耳鼻咽喉科,副作用の少なさ,0.2860635696821516,1,0.1,0.08270676691729323
耳鼻咽喉科,飲み合わせ,0.11491442542787286,2,0.2,0.22556390977443608
耳鼻咽喉科,24h持続性,0.4400977995110024,2,0.2,0.21804511278195488
