範囲,項目,重点医師,類似高処方医師,差,差_下限,差_上限,重点医師数,類似高処方医師数
内科,理解度(5特性平均),1.7689655172413794,3.596106508434094,-1.8271409911927148,-1.9807121399773848,-1.686398410147525,290,179
内科,理解度:効果発現速度,1.8,3.543284445439617,-1.743284445439617,-1.9227068447499456,-1.5678515702305718,290,179
内科,理解度:適用症状の広さ,1.789655172413793,3.662330198537094,-1.8726750261233012,-2.06672528260268,-1.6955189664883417,290,179
内科,理解度:副作用の少なさ,1.7310344827586206,3.5851489028213157,-1.8541144200626951,-2.0594017527321777,-1.6896006955786338,290,179
内科,理解度:飲み合わせ,1.7275862068965517,3.5153856918943123,-1.7877994849977605,-1.9687313938494158,-1.6143558994127962,290,179
内科,理解度:24h持続性,1.796551724137931,3.674383303478131,-1.8778315793401998,-2.033610700874968,-1.7159344840030069,290,179
内科,処方意向(平均),2.0586206896551724,4.464066465144051,-2.4054457754888787,-2.5594052356377084,-2.2503423695598475,290,179
内科,処方意向4以上の割合,0.08620689655172414,0.8975695999402895,-0.8113627033885653,-0.8637679201614081,-0.7489229967675257,290,179
内科,MR面談ありの割合,0.1413793103448276,0.5711104269293924,-0.4297311165845648,-0.5148494407448134,-0.3456605671163219,290,179
内科,面談回数(平均),0.38620689655172413,2.735509031198686,-2.349302134646962,-2.7792814817532543,-1.9095040381202117,290,179
内科,MR君配信率,0.6620689655172414,0.6257519779071503,0.036316987610091056,-0.05507594417077182,0.12472297577901026,290,179
内科,MR君既読(1人あたり/年),0.6482758620689655,0.8090582549634272,-0.16078239289446172,-0.4059625653755921,0.06681240356443201,290,179
内科,情報源:MR対面,0.1413793103448276,0.566861658456486,-0.42548234811165836,-0.5076136422996446,-0.34003186857967943,290,179
内科,情報源:MR君,0.27586206896551724,0.18613319152112254,0.0897288774443947,0.01643063098027949,0.16794613402325925,290,179
内科,情報源:学会・論文,0.21379310344827587,0.10194432004776831,0.11184878340050756,0.04562705120964147,0.1759257977266322,290,179
内科,情報源:同僚,0.13793103448275862,0.0685382146589043,0.06939281982385431,0.016255007550312586,0.11691997652891664,290,179
内科,情報源:その他,0.23103448275862068,0.07652261531571874,0.15451186744290193,0.091923484194788,0.21332443536102672,290,179
内科,最重視:効果発現速度,0.04827586206896552,0.04636139722346618,0.0019144648454993349,-0.03681009560774959,0.03688746706850155,290,179
内科,最重視:適用症状の広さ,0.0,0.0,0.0,0.0,0.0,290,179
内科,最重視:副作用の少なさ,0.21724137931034482,0.2990940812061501,-0.08185270189580529,-0.16683154521441998,0.002265633890975236,290,179
内科,最重視:飲み合わせ,0.5827586206896552,0.4875205254515598,0.0952380952380954,-0.009075011881250726,0.18293758831333973,290,179
内科,最重視:24h持続性,0.15172413793103448,0.1670239961188237,-0.015299858187789228,-0.08732616385059246,0.05416990949514215,290,179
内科,処方率,0.09042796217518648,0.5994219533211442,-0.5089939911459578,-0.5272263367130304,-0.4904661057759984,290,179
内科,花粉症患者(平均),10.568965517241379,10.313181071801761,0.25578444543961787,0.033740787602611504,0.4708877890180884,290,179
耳鼻咽喉科,理解度(5特性平均),2.303703703703704,3.8616939037340554,-1.5579902000303516,-1.674420434168169,-1.431392095647833,405,455
耳鼻咽喉科,理解度:効果発現速度,2.2493827160493827,3.855347727029717,-1.6059650109803343,-1.7614343330368094,-1.464440596657357,405,455
耳鼻咽喉科,理解度:適用症状の広さ,2.274074074074074,3.789660361549769,-1.5155862874756947,-1.6722820732130208,-1.343514716882958,405,455
耳鼻咽喉科,理解度:副作用の少なさ,2.2888888888888888,3.82623181946596,-1.5373429305770712,-1.6716140854903534,-1.3913821424736421,405,455
耳鼻咽喉科,理解度:飲み合わせ,2.3728395061728396,3.8494244878969877,-1.476584981724148,-1.6145929029629817,-1.3187930752193713,405,455
耳鼻咽喉科,理解度:24h持続性,2.3333333333333335,3.987805122727841,-1.6544717893945076,-1.7753261365590318,-1.5206763634705511,405,455
耳鼻咽喉科,処方意向(平均),2.8567901234567903,4.675183276178835,-1.8183931527220447,-1.945942426857492,-1.6756653840621343,405,455
耳鼻咽喉科,処方意向4以上の割合,0.31851851851851853,0.9425878623916228,-0.6240693438731043,-0.6787247256399048,-0.572680358529104,405,455
耳鼻咽喉科,MR面談ありの割合,0.18518518518518517,0.4691490980869173,-0.2839639129017321,-0.3520134677208508,-0.21685815884043452,405,455
耳鼻咽喉科,面談回数(平均),0.5679012345679012,2.107052773180984,-1.539151538613083,-1.9200171044591818,-1.2288196138703673,405,455
耳鼻咽喉科,MR君配信率,0.6864197530864198,0.7195736303927139,-0.033153877306294155,-0.11019120999422476,0.04549795760420002,405,455
耳鼻咽喉科,MR君既読(1人あたり/年),0.6444444444444445,0.9466485263009062,-0.30220408185646175,-0.49493436866301704,-0.12232576327118315,405,455
耳鼻咽喉科,情報源:MR対面,0.17777777777777778,0.4599358733786153,-0.2821580956008375,-0.3499693989233637,-0.2187466664344911,405,455
耳鼻咽喉科,情報源:MR君,0.25679012345679014,0.22459977467801884,0.032190348778771305,-0.049125949139057726,0.10143088333557176,405,455
耳鼻咽喉科,情報源:学会・論文,0.2641975308641975,0.12473038731199956,0.13946714355219794,0.08497884409435565,0.19678428736279371,405,455
耳鼻咽喉科,情報源:同僚,0.08888888888888889,0.07512894757479849,0.013759941314090404,-0.029666386800054886,0.057347164649102424,405,455
耳鼻咽喉科,情報源:その他,0.2123456790123457,0.11560501705656788,0.09674066195577781,0.03635721817901247,0.15080893687379304,405,455
耳鼻咽喉科,最重視:効果発現速度,0.16049382716049382,0.2052589258617832,-0.04476509870128939,-0.10772206745702406,0.017130282023710464,405,455
耳鼻咽喉科,最重視:適用症状の広さ,0.0,0.0,0.0,0.0,0.0,405,455
耳鼻咽喉科,最重視:副作用の少なさ,0.28641975308641976,0.17125579428755086,0.1151639587988689,0.045585494933015835,0.17440999255251885,405,455
耳鼻咽喉科,最重視:飲み合わせ,0.11358024691358025,0.10361935727558647,0.009960889637993783,-0.040680936361929335,0.06272771201778918,405,455
耳鼻咽喉科,最重視:24h持続性,0.43950617283950616,0.5198659225750794,-0.0803597497355732,-0.16095577069524736,0.0038450076145986043,405,455
耳鼻咽喉科,処方率,0.22410444645344493,0.6362371670013705,-0.4121327205479255,-0.42868196157233096,-0.3945224146027586,405,455
耳鼻咽喉科,花粉症患者(平均),14.241975308641976,13.86716600726816,0.37480930137381563,0.19181439136040565,0.5609202461704813,405,455
