項目,現状,A案,B案,B案−A案
配信医師数,3481.0,3672.0,3932.0,260.0
配信件数,34810.0,33914.0,37034.0,3120.0
既読件数,4004.0,3836.183673469388,4207.968104607113,371.7844311377248
費用,1601600.0,1534473.469387755,1683187.241842845,148713.77245508996
潜在カバー,15724.0,17766.0,19312.0,1546.0
追加処方患者_保守,0.0,5.431256478741094,14.694118690777229,9.262862212036135
追加売上_保守,0.0,1203735.921706803,3256675.2417502725,2052939.3200434695
追加処方患者_基準,0.0,16.293769436223275,44.08235607233168,27.788586636108402
追加売上_基準,0.0,3611207.765120407,9770025.725250816,6158817.960130408
追加処方患者_楽観,0.0,32.58753887244655,88.16471214466335,55.577173272216804
追加売上_楽観,0.0,7222415.530240814,19540051.450501632,12317635.920260817
追加費用,0.0,-67126.53061224497,81587.24184284499,148713.77245508996
