医師セグメント,対象医師数,潜在患者数,発見された課題,類似高処方医師との違い,推奨コンテンツ,配信回数(年),想定既読件数(年),想定費用(年、円),期待する行動変化,KPI,なぜこの医師に、この内容を、この回数送るのか
"① 接触不足型
(内科89・耳鼻102)",191,2042,MR面談もMR君配信もない。理解度1.8・処方意向2.2・処方率13%。1人あたり潜在未処方10.7人(4タイプで最多),類似高処方医師はMR面談あり51%・理解度3.8・意向4.6。重点医師は学会・論文を参考にする割合が2倍(24% vs 12%),"内科: ①C04 飲み合わせガイド ②C09 多剤併用患者への処方設計 ③C03 副作用 ④C05 24時間カバー → 残り6本
耳鼻: ①C05 24時間カバーの臨床エビデンス ②C10 長期投与の安全性と有効性 ③C03 副作用 ④C01 即効メカニズム → 残り6本",12,215,86150,MR君で初めて接点を持ち、重視テーマの理解を深める,既読医師率54%(想定)、次回調査の理解度・処方意向,潜在が最も多いのに接点がない。学会・論文を参考にする医師が多いため、エビデンス型の重視テーマから始め、5特性すべてを月1回(10本+重視テーマの再配信2回)で届ける。
"② 理解不足型
(内科150・耳鼻165)",315,3274,配信中でも既読は年0.94件、53%が1年間未読。理解度1.8・処方意向2.1・処方率14%,理解度は5特性すべてで類似高処方医師より約2低い(1.8 vs 3.8)。重点医師は配信対象でも既読が少ない(年0.96件 vs 1.31件),①と同じ順番(重視テーマ → 他の特性の基本),12,355,142080,重視テーマを読み、理解度を上げる,既読医師率47%→54%(想定)、重視テーマの既読件数、理解度,今の10本一律では、重視テーマ(内科=飲み合わせ、耳鼻=24h持続性)は配信の2割だけ。重視テーマを先頭にし、未読分を再配信して年10回→12回にする。
"③ 意向ギャップ型
(内科12・耳鼻65)",77,731,処方意向は4以上(平均4.3)なのに処方率37%,処方意向は類似高処方医師(4.6)に近いが、処方率は37% vs 62%、理解度は3.0 vs 3.8,"処方場面の情報を中心に
内科: C09 多剤併用患者への処方設計、C04 併用時の注意点と実践
耳鼻: C10 長期投与の安全性と有効性、C05 臨床エビデンス、C02 適応症例集",24,202,80640,処方意向を実際の処方につなげる,既読医師率55%→85%(想定)、処方率,処方したい気持ちはすでにあり、既読も4タイプで最多(年1.09件)。処方場面の情報を年10回→24回(月2回)に増やす。
"④ MR面談フォロー型
(内科41・耳鼻77、うち配信中82)",118,1140,MR面談あり。理解度2.7・処方意向3.2・処方率31%,全員がMR面談あり(類似高処方医師は51%)。最も参考にした情報源の97%がMR対面,変更なし(並び順だけ重視テーマを先頭に),10,75,30000,MR面談で対応(MR君は補完),現状維持(MR面談での説明状況を確認),主な情報源がMR対面のため、MR君の回数は変えない。
(B案で追加) 未接触×潜在5〜7人,260,1546,MR面談もMR君配信もない。理解度2.3・処方意向2.8。1人あたり潜在未処方5.9人,重点医師(潜在8人以上)の次に伸びしろが大きい未接触層,①と同じ順番,12,372,148714,MR君で初めて接点を持つ,既読医師率59%(想定)、理解度,追加予算がある場合に、未接触の中で次に潜在が多い層へ月1回で広げる。
(A案の財源) 配信中×潜在0〜2人,993,1511,1人あたり潜在未処方1.5人で伸びしろが小さい(処方率50%),—,重視テーマを中心に,6,699,279600,現在の処方を維持,既読医師率51%→35%(想定)、処方率の維持,年10回→6回(隔月)に減らし、浮いた既読予算を①〜③に回す。
