コンテンツID,上がり幅pt,下限,上限,コンテンツ名,主要テーマ,コンテンツ長_秒,既読件数,完読率,判定
C10,5.56213255429904,1.509939736219918,9.614325372378161,薬剤Aの長期投与における安全性と有効性,24h持続性,300,849,0.33568904593639576,上昇あり
C07,5.21170340758601,1.9810300341773912,8.442376780994628,速く効いて長く続く〜薬剤Aの即効性×持続性〜,効果発現速度,240,855,0.49005847953216375,上昇あり
C01,4.987843146897846,1.5831055262365812,8.39258076755911,つらい症状にすぐ届く！薬剤Aの即効メカニズム,効果発現速度,240,841,0.4863258026159334,上昇あり
C04,4.948878502395398,1.875908273392049,8.021848731398746,他剤との飲み合わせガイド〜併用時の注意点と実践〜,他の薬との飲み合わせの良さ,240,902,0.4534368070953437,上昇あり
C02,4.668886742777806,0.9118134407981171,8.425960044757495,鼻炎だけじゃない！薬剤Aの幅広い適応症例集,適用症状の広さ,210,728,0.44642857142857145,上昇あり
C05,4.550141228183725,1.8297281634159233,7.270554292951527,朝から夜まで効果持続！24時間カバーの臨床エビデンス,24h持続性,180,849,0.5971731448763251,上昇あり
C09,4.104442623349421,1.2736426216192553,6.935242625079586,多剤併用患者への処方設計〜実践的アプローチ〜,他の薬との飲み合わせの良さ,210,836,0.48564593301435405,上昇あり
C03,2.0465570778804136,-1.3307902861851124,5.42390444194594,安心の処方を支える薬剤Aの副作用プロファイル,副作用の少なさ,270,754,0.3819628647214854,差を確認できず
C06,1.8782992629143254,-1.5170336022158166,5.273632128044468,花粉症治療2026年最新トレンドまとめ,効果発現速度,300,826,0.35714285714285715,差を確認できず
C08,1.2422851932050611,-2.226532472264761,4.711102858674883,患者さんの声から見る薬剤AのQOL改善効果,適用症状の広さ,270,752,0.3683510638297872,差を確認できず
