区分,値,医師数,配信率
"全医師(属性10,000名)",全体,10000,0.6948
診療科,内科,4034,0.6826970748636589
診療科,小児科,2472,0.7006472491909385
診療科,眼科,985,0.6954314720812182
診療科,耳鼻咽喉科,2509,0.708250298923874
施設区分,中小病院,2000,0.712
施設区分,大病院,1006,0.6848906560636183
施設区分,開業医,6994,0.691306834429511
年代,30代以下,2128,0.6823308270676691
年代,40代,2245,0.7104677060133631
年代,50代,2227,0.6816344858554109
年代,60代,2346,0.6999147485080989
年代,70代以上,1054,0.7030360531309298
地域,その他,2698,0.6856931060044478
地域,九州,1140,0.6947368421052632
地域,北海道,423,0.7044917257683215
地域,東北,660,0.7015151515151515
地域,関東,3403,0.6946811636791067
地域,関西,1676,0.704653937947494
潜在未処方(回答者),0〜2人,1400,0.7092857142857143
潜在未処方(回答者),3〜7人,2832,0.6938559322033898
潜在未処方(回答者),8人以上,768,0.6809895833333334
MR面談(回答者),なし,3747,0.6946890846010142
MR面談(回答者),あり,1253,0.7007182761372706
