指標,a 配信対象外(120),b+c 配信対象(196),b 未読(111),c 既読あり(85),SMD(a vs b+c)
潜在未処方,10.908333333333333,10.438775510204081,10.441441441441441,10.435294117647059,0.16106538577542986
花粉症患者数,11.608333333333333,11.260204081632653,11.27927927927928,11.235294117647058,0.11065114492807351
処方患者数,0.7,0.8214285714285714,0.8378378378378378,0.8,-0.09821210245122482
理解度(5特性平均),1.3383333333333332,1.4040816326530612,1.3765765765765765,1.4400000000000002,-0.1960757361853977
処方意向Q4,1.4,1.4846938775510203,1.4594594594594594,1.5176470588235293,-0.17057510237717868
面談回数,0.10833333333333334,0.20918367346938777,0.2972972972972973,0.09411764705882353,-0.16182600448440818
内科の割合,0.5583333333333333,0.5612244897959183,0.5405405405405406,0.5882352941176471,
面談ありの割合,0.05,0.10204081632653061,0.13513513513513514,0.058823529411764705,
開業医の割合,0.7666666666666667,0.7193877551020408,0.7567567567567568,0.6705882352941176,
