SDの取得元(2025→2026の個人変化),SD取得元のn,Q3_2変化のSD,処方割合変化のSD,1群あたり医師数,検出できる最小差 Q3_2(人),検出できる最小差 処方割合(pt)
2025年A層(低理解×低意向×高ポテンシャル)・面談なし,248,1.4590252685372231,0.13520532757955356,60,0.7458649814446783,6.911800728951705
2025年A層(低理解×低意向×高ポテンシャル)・面談なし,248,1.4590252685372231,0.13520532757955356,48,0.83390240027346,7.727628138434306
2025年A層(低理解×低意向×高ポテンシャル)・面談なし,248,1.4590252685372231,0.13520532757955356,40,0.9134943107749525,8.465192494864247
2025年A層(低理解×低意向×高ポテンシャル)・面談なし,248,1.4590252685372231,0.13520532757955356,30,1.0548123724582208,9.774762331303744
2025年A層(低理解×低意向×高ポテンシャル)・面談なし,248,1.4590252685372231,0.13520532757955356,98,0.5836101074148892,5.408213103182142
2025年A層(低理解×低意向×高ポテンシャル)・面談なし,248,1.4590252685372231,0.13520532757955356,49,0.8253493290441551,7.648368318724068
2025年A層(低理解×低意向×高ポテンシャル)・面談なし,248,1.4590252685372231,0.13520532757955356,24,1.1793160841622043,10.928516518349749
同・面談なし・MR君配信対象外,87,1.2344732011953088,0.11278059575279169,60,0.6310722310015984,5.765431125316364
同・面談なし・MR君配信対象外,87,1.2344732011953088,0.11278059575279169,48,0.7055602036160121,6.44594795790025
同・面談なし・MR君配信対象外,87,1.2344732011953088,0.11278059575279169,40,0.7729024783968558,7.061182202092656
同・面談なし・MR君配信対象外,87,1.2344732011953088,0.11278059575279169,30,0.8924709079195071,8.153550890350378
同・面談なし・MR君配信対象外,87,1.2344732011953088,0.11278059575279169,98,0.4937892804781235,4.511223830111668
同・面談なし・MR君配信対象外,87,1.2344732011953088,0.11278059575279169,49,0.6983234974066144,6.379833923444619
同・面談なし・MR君配信対象外,87,1.2344732011953088,0.11278059575279169,24,0.9978128090244867,9.115947024413689
2025年B層(中×中×高ポテンシャル)・面談なし,77,2.4248091158110365,0.17316506211855484,60,1.2395811403489372,8.852331664784142
2025年B層(中×中×高ポテンシャル)・面談なし,77,2.4248091158110365,0.17316506211855484,48,1.3858938467234656,9.897207680915612
2025年B層(中×中×高ポテンシャル)・面談なし,77,2.4248091158110365,0.17316506211855484,40,1.5181706443160985,10.841847806301745
2025年B層(中×中×高ポテンシャル)・面談なし,77,2.4248091158110365,0.17316506211855484,30,1.753032460343374,12.51908749896253
2025年B層(中×中×高ポテンシャル)・面談なし,77,2.4248091158110365,0.17316506211855484,98,0.9699236463244145,6.926602484742193
2025年B層(中×中×高ポテンシャル)・面談なし,77,2.4248091158110365,0.17316506211855484,49,1.3716791750983521,9.79569517508959
2025年B層(中×中×高ポテンシャル)・面談なし,77,2.4248091158110365,0.17316506211855484,24,1.9599498740457444,13.996765331974025
